year,country,slug,value,unit,qualifier,metric_type,section,subsection,method,sentence
2024,Afghanistan,afghanistan,181,incidents,,count,Section 2. Liberty,a. Freedom of the Press,rules,"According to the report, the AFJC recorded 181 incidents of press freedom violations from August 2023 to August 2024, a slight increase compared with the previous year."
2024,Afghanistan,afghanistan,48,journalists,,count,Section 2. Liberty,a. Freedom of the Press,rules,"The report stated, “This included 133 threats [to journalists], the temporary closure of four media outlets, the permanent closure of four others, the suspension of several media licenses, and the arrest of 48 journalists and media workers, with two still in custody.” Censorship by Governments, Military, Intelligence, or Police Forces, Criminal Groups, or Armed Extremist or Rebel Groups The Taliban enforced a 2022 decree stating that “defaming and criticizing government officials without proof” and “spreading false news and rumors” were forbidden under Islam and that those who “slander” government employees were unwittingly collaborating with the enemy and would be “punished.” On September 21, the Ministry of Information and Culture introduced new restrictions to regulate the press during a meeting with managers of several media outlets in Kabul."
2024,Afghanistan,afghanistan,1200,women,,count,Section 2. Liberty,b. Worker Rights,rules,"The ministry claimed to employ 1,200 women, including at ministry-run training centers and orphanages, and maintained it incorporated the civil service staff of the Ministry of Women’s Affairs, which the Taliban closed in 2021 and replaced with the so-called Ministry for the Promotion of Virtue and the Prevention of Vice."
2024,Afghanistan,afghanistan,86,percent,more than,percentage,Section 2. Liberty,b. Worker Rights,rules,The International Labor Organization estimated the informal sector accounted for more than 86 percent of the national economy.
2024,Afghanistan,afghanistan,316,men,,count,Section 3. Security of the Person,"a. Torture and Cruel, Inhuman, or Degrading Treatment or Punishment",rules,"Between April 1 and June 30, UNAMA documented at least 179 instances of court-ordered corporal punishment ordered by Taliban-appointed “judges.” Human rights activists documented a total of 364 instances (316 men and 48 women) of Taliban-enforced corporal punishment by August 31, already exceeding the entire number of 217 (185 men; 32 women) documented cases of corporal punishment carried out by the Taliban in 2023."
2024,Afghanistan,afghanistan,48,women,,count,Section 3. Security of the Person,"a. Torture and Cruel, Inhuman, or Degrading Treatment or Punishment",rules,"Between April 1 and June 30, UNAMA documented at least 179 instances of court-ordered corporal punishment ordered by Taliban-appointed “judges.” Human rights activists documented a total of 364 instances (316 men and 48 women) of Taliban-enforced corporal punishment by August 31, already exceeding the entire number of 217 (185 men; 32 women) documented cases of corporal punishment carried out by the Taliban in 2023."
2024,Afghanistan,afghanistan,185,men,,count,Section 3. Security of the Person,"a. Torture and Cruel, Inhuman, or Degrading Treatment or Punishment",rules,"Between April 1 and June 30, UNAMA documented at least 179 instances of court-ordered corporal punishment ordered by Taliban-appointed “judges.” Human rights activists documented a total of 364 instances (316 men and 48 women) of Taliban-enforced corporal punishment by August 31, already exceeding the entire number of 217 (185 men; 32 women) documented cases of corporal punishment carried out by the Taliban in 2023."
2024,Afghanistan,afghanistan,32,women,,count,Section 3. Security of the Person,"a. Torture and Cruel, Inhuman, or Degrading Treatment or Punishment",rules,"Between April 1 and June 30, UNAMA documented at least 179 instances of court-ordered corporal punishment ordered by Taliban-appointed “judges.” Human rights activists documented a total of 364 instances (316 men and 48 women) of Taliban-enforced corporal punishment by August 31, already exceeding the entire number of 217 (185 men; 32 women) documented cases of corporal punishment carried out by the Taliban in 2023."
2024,Afghanistan,afghanistan,63,individuals,,count,Section 3. Security of the Person,"a. Torture and Cruel, Inhuman, or Degrading Treatment or Punishment",rules,"On June 4, in Sar-e-Pol city, Taliban members publicly flogged 63 individuals (48 men and 15 women) for a range of crimes, including armed robbery, adultery, running away from home, insult, and sodomy."
2024,Afghanistan,afghanistan,48,men,,count,Section 3. Security of the Person,"a. Torture and Cruel, Inhuman, or Degrading Treatment or Punishment",rules,"On June 4, in Sar-e-Pol city, Taliban members publicly flogged 63 individuals (48 men and 15 women) for a range of crimes, including armed robbery, adultery, running away from home, insult, and sodomy."
2024,Afghanistan,afghanistan,15,women,,count,Section 3. Security of the Person,"a. Torture and Cruel, Inhuman, or Degrading Treatment or Punishment",rules,"On June 4, in Sar-e-Pol city, Taliban members publicly flogged 63 individuals (48 men and 15 women) for a range of crimes, including armed robbery, adultery, running away from home, insult, and sodomy."
2024,Afghanistan,afghanistan,342,boys,,count,Section 3. Security of the Person,b. Protection of Children,rules,"In 2023, the United Nations documented the Taliban’s recruitment of 342 boys and their use in combat (150 boys) and support roles (192)."
2024,Afghanistan,afghanistan,150,boys,,count,Section 3. Security of the Person,b. Protection of Children,rules,"In 2023, the United Nations documented the Taliban’s recruitment of 342 boys and their use in combat (150 boys) and support roles (192)."
2024,Afghanistan,afghanistan,30,children,approximately,count,Section 3. Security of the Person,b. Protection of Children,rules,"On June 15, multiple media outlets reported Taliban security forces in northeastern Badakhshan Province recruited approximately 30 children between ages 10 and 18 and provided them with military training in a special military center."
2024,Afghanistan,afghanistan,38.9,percent,,percentage,Section 3. Security of the Person,b. Protection of Children,rules,"UNICEF estimated that 38.9 percent of women in the country between the ages of 15 and 49 were married before the age of 18 and noted that teenage girls who were not allowed to go to school were at greater “risk of child marriage.” In an article published in the Washington Post on January 15, the founder of Too Young to Wed, an NGO seeking to empower girls and end child marriage globally, documented 118 girls who had been sold as child brides and 116 families with girls waiting for buyers in a makeshift settlement for displaced persons in Herat Province."
2024,Afghanistan,afghanistan,118,girls,,count,Section 3. Security of the Person,b. Protection of Children,rules,"UNICEF estimated that 38.9 percent of women in the country between the ages of 15 and 49 were married before the age of 18 and noted that teenage girls who were not allowed to go to school were at greater “risk of child marriage.” In an article published in the Washington Post on January 15, the founder of Too Young to Wed, an NGO seeking to empower girls and end child marriage globally, documented 118 girls who had been sold as child brides and 116 families with girls waiting for buyers in a makeshift settlement for displaced persons in Herat Province."
2024,Afghanistan,afghanistan,116,families,,count,Section 3. Security of the Person,b. Protection of Children,rules,"UNICEF estimated that 38.9 percent of women in the country between the ages of 15 and 49 were married before the age of 18 and noted that teenage girls who were not allowed to go to school were at greater “risk of child marriage.” In an article published in the Washington Post on January 15, the founder of Too Young to Wed, an NGO seeking to empower girls and end child marriage globally, documented 118 girls who had been sold as child brides and 116 families with girls waiting for buyers in a makeshift settlement for displaced persons in Herat Province."
2024,Afghanistan,afghanistan,40,percent,,percentage,Section 3. Security of the Person,b. Protection of Children,rules,The survey found 40 percent of families interviewed had either sold or offered to sell a daughter into marriage.
2024,Albania,albania,26,percent,approximately,percentage,Section 2. Liberty,b. Worker Rights,rules,The estimated size of the informal sector was approximately 26 percent of the non-agricultural labor force.
2024,Albania,albania,50,persons,,count,Section 3. Security of the Person,d. Acts of Antisemitism and Antisemitic Incitement,rules,The Jewish population was estimated to be 40-50 persons.
2024,Algeria,algeria,25,percent,,percentage,Section 2. Liberty,b. Worker Rights,rules,"To maintain its registration and engage in collective bargaining, unions were required to have membership equal to or exceeding 25 percent of an enterprise’s workforce."
2024,Algeria,algeria,30,percent,approximately,percentage,Section 2. Liberty,b. Worker Rights,rules,The International Monetary Fund reported approximately 30 percent of workers in country were employed in the informal sector.
2024,Algeria,algeria,250,persons,at least,count,Section 2. Liberty,c. Disappearance and Abduction,rules,"According to human rights organizations and activists, at least 250 persons were arbitrarily detained for expressing their opinion during the year."
2024,Algeria,algeria,8000,individuals,,count,Section 3. Security of the Person,c. Protection to Refugees,rules,"IOM reported 8,000 individuals had been resettled through the program during the year as of November and that there was increased coordination between the government and IOM."
2024,Algeria,algeria,200,persons,fewer than,count,Section 3. Security of the Person,d. Acts of Antisemitism and Antisemitic Incitement,rules,The country’s Jewish population numbered fewer than 200 persons.
2024,Algeria,algeria,21,cases,,count,Section 3. Security of the Person,e. Instances of Transnational Repression,rules,A report published by the Cairo Institute for Human Rights Studies in November documented 21 cases of authorities harassing or repressing individuals across borders between 2020 and 2024.
2024,Andorra,andorra,1133,persons,,count,Section 2. Liberty,b. Worker Rights,rules,"As of October, the Andorran Social Security Fund had registered 2,151 workplace accidents, which led to 1,133 persons on sick leave for an average of 51 days."
2024,Andorra,andorra,285,persons,,count,Section 3. Security of the Person,c. Protection to Refugees,rules,"Since the start of the corridor in 2018, the government with the support of the Community of Sant’Egidio, the Andorran Red Cross, and Caritas Andorra provided legal, medical, psychological, social, and educational assistance to 17 Syrian refugees and 285 persons coming from Ukraine."
2024,Andorra,andorra,75,persons,,count,Section 3. Security of the Person,d. Acts of Antisemitism and Antisemitic Incitement,rules,Unofficial estimates placed the size of the Jewish community at 75 persons.
2024,Angola,angola,7151,workers,,count,Section 2. Liberty,b. Worker Rights,rules,"Inspection teams successfully enrolled 7,151 workers and 60 companies in the Social Security system, and companies hired 1,236 new workers after being required to abide by the legal limit for work hours."
2024,Angola,angola,80,percent,,percentage,Section 2. Liberty,b. Worker Rights,rules,As much as 80 percent of the workforce (approximately nine million persons) was employed in the informal economy and therefore outside the purview of the labor inspectorate.
2024,Angola,angola,67,percent,,percentage,Section 2. Liberty,b. Worker Rights,rules,"The rate was higher in rural areas than urban areas (93 and 67 percent, respectively)."
2024,Angola,angola,3500,prisoners,approximately,count,Section 2. Liberty,c. Disappearance and Abduction,rules,"As of July, the government held approximately 3,500 prisoners in pretrial detention longer than permitted under law, which ranged from four to 14 months depending on the severity and complexity of the alleged crime."
2024,Angola,angola,30,percent,more than,percentage,Section 3. Security of the Person,b. Protection of Children,rules,"The government did not enforce this restriction effectively, and more than 30 percent of girls were married before the age of 18."
2024,Angola,angola,3000,refugee,,count,Section 3. Security of the Person,c. Protection to Refugees,rules,"The government continued efforts to document refugees, issuing 3,000 refugee identity cards since 2023, thereby providing some refugees proof of legal residence and better access to participation in the formal economy."
2024,Angola,angola,350,persons,approximately,count,Section 3. Security of the Person,d. Acts of Antisemitism and Antisemitic Incitement,rules,"There was a Jewish community of approximately 350 persons, primarily resident Israelis."
2024,Antigua and Barbuda,antigua-and-barbuda,15,percent,,percentage,Section 2. Liberty,b. Worker Rights,rules,The government estimated 15 percent of the workforce was in the informal sector.
2024,Argentina,argentina,385,victims,,count,Section 1. Life,"c. War Crimes, Crimes against Humanity, and Evidence of Acts that May Constitute Genocide, or Conflict-related",rules,"During the year, a federal court in La Plata convicted two former police officers to life sentences for crimes against humanity; a federal court in the city of Buenos Aires convicted four former police and gendarmerie officers to 25 years in prison for crimes against humanity including the kidnapping, torture, and sexual abuse of 385 victims; and a court in Mar del Plata announced a new trial for 20 former military officers charged with crimes against humanity."
2024,Argentina,argentina,108,incidents,,count,Section 2. Liberty,a. Freedom of the Press,rules,"Physical Attacks, Imprisonment, and Pressure The Argentina Journalism Forum (FOPEA) reported that from January 1 to September 5, there were 108 incidents of violence and harassment against journalists."
2024,Argentina,argentina,50,percent,at least,percentage,Section 2. Liberty,b. Worker Rights,rules,"On September 16, the government issued an executive decree adding the civil aviation sector to the list of essential services barred from striking without maintaining minimum services of at least 50 percent."
2024,Argentina,argentina,15,workers,,count,Section 2. Liberty,b. Worker Rights,rules,"On September 3, police used force to clear members of the Judicial Workers’ Union who had walked off the job to demand higher salaries, resulting in injuries to 15 workers, including the secretary general of the union."
2024,Argentina,argentina,72,percent,,percentage,Section 2. Liberty,b. Worker Rights,rules,"Acceptable Work Conditions Wage and Hour Laws As of August, the minimum wage was 72 percent below the official poverty line."
2024,Argentina,argentina,35.7,percent,,percentage,Section 2. Liberty,b. Worker Rights,rules,The national institute of statistics reported 35.7 percent of workers were in the informal sector during the first quarter of the year.
2024,Argentina,argentina,77,cases,,count,Section 3. Security of the Person,"a. Torture and Cruel, Inhuman, or Degrading Treatment or Punishment",rules,"Between January and March, the Prosecutor’s office on the Penitentiary System recorded 77 cases of abuse or mistreatment and registered 72 victims."
2024,Argentina,argentina,72,victims,,count,Section 3. Security of the Person,"a. Torture and Cruel, Inhuman, or Degrading Treatment or Punishment",rules,"Between January and March, the Prosecutor’s office on the Penitentiary System recorded 77 cases of abuse or mistreatment and registered 72 victims."
2024,Armenia,armenia,15,percent,an estimated,percentage,Section 2. Liberty,b. Worker Rights,rules,"The informal sector comprised an estimated 15 percent of the total workforce, not including self-employment in the agricultural field."
2024,Armenia,armenia,193,persons,,count,Section 2. Liberty,c. Disappearance and Abduction,rules,"According to the government, 193 persons (including 20 civilians) were considered missing after the fall 2020 fighting."
2024,Armenia,armenia,15,arrest,,count,Section 3. Security of the Person,"a. Torture and Cruel, Inhuman, or Degrading Treatment or Punishment",rules,"On April 16, media reported possible police complicity in the abuse of antigovernment activist Samvel Vardanyan following his April 15 arrest for allegedly harassing a parliamentarian from the ruling Civil Contract party on a bus."
2024,Armenia,armenia,1000,persons,,count,Section 3. Security of the Person,d. Acts of Antisemitism and Antisemitic Incitement,rules,"Observers estimated the country’s Jewish population was between 800 and 1,000 persons, in addition to several hundred arrivals from Russia since the start of its war against Ukraine in 2022."
2024,Australia,australia,50,percent,,percentage,Section 2. Liberty,b. Worker Rights,rules,"Acceptable Work Conditions Wage and Hour Laws For a single adult living alone, the national minimum wage exceeded the poverty line defined as 50 percent of median income."
2024,Australia,australia,30,migrant,,count,Section 2. Liberty,b. Worker Rights,rules,"In February an employer paid approximately 369,000 Australian dollars ($240,000) in back pay to a group of 30 migrant workers - and a fine of more than 558,000 Australian dollars ($366,000) - after the fair work ombudsman pursued the workers’ claim of underpayment."
2024,Australia,australia,10,percent,approximately,percentage,Section 2. Liberty,b. Worker Rights,rules,The World Bank estimated the country’s informal sector at approximately 10 percent of GDP.
2024,Australia,australia,300,percent,over,percentage,Section 3. Security of the Person,d. Acts of Antisemitism and Antisemitic Incitement,rules,"According to the country’s envoy for antisemitism, there were approximately 1,800 violent incidents against Jews since November 2023, an increase of over 300 percent above the pre-October 2023 rate."
2024,Austria,austria,98,percent,,percentage,Section 2. Liberty,b. Worker Rights,rules,Nationwide collective bargaining agreements covered 98 percent of the workforce and set minimum wages by job classification for all sectors.
2024,Austria,austria,7.5,percent,approximately,percentage,Section 2. Liberty,b. Worker Rights,rules,"The country’s informal sector was estimated to account for roughly 35 billion euros ($38 billion), approximately 7.5 percent of GDP in 2023, the latest year for which data were available."
2024,Austria,austria,393,cases,,count,Section 3. Security of the Person,"a. Torture and Cruel, Inhuman, or Degrading Treatment or Punishment",rules,"As of October, the unit had begun investigations into 393 cases of alleged police mistreatment during the year."
2024,Azerbaijan,azerbaijan,70,individuals,,count,Section 1. Life,"c. War Crimes, Crimes against Humanity, and Evidence of Acts that May Constitute Genocide, or Conflict-Related",rules,"According to government officials, as of November 1, since 2020, 70 individuals died and 311 were injured by land mines in areas previously controlled by Armenian forces."
2024,Azerbaijan,azerbaijan,2,percent,,percentage,Section 2. Liberty,b. Worker Rights,rules,"ATUC unions covered the majority of public-sector entities, and workers were required to contribute 1 to 2 percent of their salaries for union dues."
2024,Azerbaijan,azerbaijan,40,percent,,percentage,Section 2. Liberty,b. Worker Rights,rules,"According to most estimates, the informal sector accounted for 30 to 40 percent of the economy, especially in the service and construction sectors."
2024,Bahrain,bahrain,3400,prisoners,more than,count,Executive Summary,,rules,"The government released more than 3,400 prisoners, a significant portion of Bahrain’s prisoner population, through royal pardons, and more releases took place through the open prison and alternative sentencing programs."
2024,Bahrain,bahrain,88,complaints,,count,Section 2. Liberty,b. Worker Rights,rules,The Labor Market Regulatory Authority (LMRA) received 88 complaints related to health and safety by August 31.
2024,Bahrain,bahrain,100,prisoners,fewer than,count,Section 3. Security of the Person,"a. Torture and Cruel, Inhuman, or Degrading Treatment or Punishment",rules,"By late August to early September, negotiations between prisoners and authorities led to decreased tensions, many prisoners ended their strikes, and fewer than 100 prisoners remained on strike."
2024,Bangladesh,bangladesh,986,persons,at least,count,Section 1. Life,a. Extrajudicial Killings,rules,"Local human rights organization Human Rights Support Society (HRSS) reported in October at least 986 persons, including students, children, political activists, laborers, and police, were killed between July 16 and September 9."
2024,Bangladesh,bangladesh,1423,persons,,count,Section 1. Life,a. Extrajudicial Killings,rules,"The Students Against Discrimination’s (umbrella organization that coordinated the protests) health committee released data on September 20 alleging 1,423 persons were killed in the unrest and 22,000 injured."
2024,Bangladesh,bangladesh,77,percent,,percentage,Section 1. Life,a. Extrajudicial Killings,rules,"The highest number of victims, 77 percent, died from bullet injuries."
2024,Bangladesh,bangladesh,52,percent,,percentage,Section 1. Life,a. Extrajudicial Killings,rules,"Seventy percent of the deceased were younger than 30, and 52 percent of them were students."
2024,Bangladesh,bangladesh,107,children,,count,Section 1. Life,a. Extrajudicial Killings,rules,"The victims included 107 children, six journalists, and 51 law enforcement personnel."
2024,Bangladesh,bangladesh,17,individuals,,count,Section 1. Life,a. Extrajudicial Killings,rules,"Domestic human rights organization Ain o Salish Kendra (ASK) reported that excluding those killed during the student protests, 17 individuals died from January to October in alleged extrajudicial killings or while in custody, including three in a confrontation with police and joint forces (comprising police and army), one in a cross fire with Border Guard Bangladesh (BGB), one by suicide in custody, and 12 due to alleged physical torture while in custody."
2024,Bangladesh,bangladesh,167,journalists,,count,Section 2. Liberty,a. Freedom of the Press,rules,"In October and November, the IG revoked the credentials of 167 journalists connected with the previous government or ruling party."
2024,Bangladesh,bangladesh,5818,cases,,count,Section 2. Liberty,a. Freedom of the Press,rules,"Media and the law minister reported that as of August, a total of 5,818 cases remained pending before all eight cyber tribunals across the country filed under the ICT, DSA, and CSA acts, including one case against a teenager."
2024,Bangladesh,bangladesh,12,persons,,count,Section 2. Liberty,a. Freedom of the Press,rules,"The HRSS reported that from January to June, 12 persons were arrested and 62 more were accused in 19 CSA and DSA cases."
2024,Bangladesh,bangladesh,388,journalists,,count,Section 2. Liberty,a. Freedom of the Press,rules,ASK reported 388 journalists were victims of harassment and attacks in 115 instances from January to August.
2024,Bangladesh,bangladesh,120,incidents,,count,Section 2. Liberty,a. Freedom of the Press,rules,"The HRSS reported that between January and June, two journalists were killed and 128 were injured in 120 incidents of attacks on or harassment of journalists."
2024,Bangladesh,bangladesh,85,percent,an estimated,percentage,Section 2. Liberty,b. Worker Rights,rules,"The law did not cover all informal sector workers, which made up an estimated 85 percent of the labor force."
2024,Bangladesh,bangladesh,75,percent,at least,percentage,Section 2. Liberty,b. Worker Rights,rules,At least 75 percent of union employees had to support a strike action.
2024,Bangladesh,bangladesh,20,percent,,percentage,Section 2. Liberty,b. Worker Rights,rules,The law required a minimum of 20 percent of workers at an enterprise to petition to form and register a union.
2024,Bangladesh,bangladesh,20,percent,,percentage,Section 2. Liberty,b. Worker Rights,rules,"According to labor leaders and organizations, unions in large enterprises faced significant difficulties meeting the 20 percent membership threshold."
2024,Bangladesh,bangladesh,14,individuals,,count,Section 2. Liberty,b. Worker Rights,rules,"Following the June 2023 killing of labor organizer Shahidul Islam, in February of 2024, the Industrial Police reported the arrest of nine individuals, obtained confessional statements from key suspects, and submitted an investigation report accusing 14 individuals, all of whom were later released on bail."
2024,Bangladesh,bangladesh,475,workers,,count,Section 2. Liberty,b. Worker Rights,rules,"From January to June, 475 workers died in workplace accidents."
2024,Bangladesh,bangladesh,95,percent,,percentage,Section 2. Liberty,b. Worker Rights,rules,"Legal limits on hours of work were routinely violated, and one labor rights NGO found 95 percent of factories did not comply with overtime limits."
2024,Bangladesh,bangladesh,84.9,percent,,percentage,Section 2. Liberty,b. Worker Rights,rules,"According to the Labor Force Survey 2022, a total of 70.47 million employed persons, or 84.9 percent of the employed population, worked in the informal sector where the majority of OSH incidents occurred."
2024,Bangladesh,bangladesh,100,victims,,count,Section 2. Liberty,c. Disappearance and Abduction,rules,Human Rights Watch estimated an additional 100 victims of enforced disappearance were missing.
2024,Bangladesh,bangladesh,1600,complaints,,count,Section 2. Liberty,c. Disappearance and Abduction,rules,"As of early November, the commission found eight secret detention centers in and around Dhaka City and received 1,600 complaints of enforced disappearances."
2024,Bangladesh,bangladesh,51,percent,,percentage,Section 3. Security of the Person,b. Protection of Children,rules,The law included a provision for marriages of women and men at any age in “special circumstances.” The UN Population Fund (UNFPA) 2024 report assessed 51 percent of girls married before the age of 18.
2024,Bangladesh,bangladesh,6.5,percent,,percentage,Section 3. Security of the Person,b. Protection of Children,rules,"In March, the Bangladesh Bureau of Statistics reported the number of early marriages involving girls younger than 15 increased from 6.5 percent in 2022 to 8.2 percent in 2023."
2024,Bangladesh,bangladesh,8.2,percent,,percentage,Section 3. Security of the Person,b. Protection of Children,rules,"In March, the Bangladesh Bureau of Statistics reported the number of early marriages involving girls younger than 15 increased from 6.5 percent in 2022 to 8.2 percent in 2023."
2024,Bangladesh,bangladesh,41.6,percent,,percentage,Section 3. Security of the Person,b. Protection of Children,rules,"For those younger than 18, the rate was 41.6 percent in 2023, compared with 40.9 in 2022."
2024,Barbados,barbados,50,percent,more than,percentage,Section 2. Liberty,b. Worker Rights,rules,"Although employers were under no legal obligation to recognize unions, most major employers did so when more than 50 percent of the employees made a request to unionize."
2024,Barbados,barbados,40,percent,up to,percentage,Section 2. Liberty,b. Worker Rights,rules,An Inter-American Development Bank study estimated up to 40 percent of the workforce engaged in informal work.
2024,Barbados,barbados,60,persons,,count,Section 3. Security of the Person,d. Acts of Antisemitism and Antisemitic Incitement,rules,The Jewish community was estimated to be no larger than 60 persons.
2024,Belarus,belarus,2400,children,more than,count,Section 1. Life,"c. War Crimes, Crimes against Humanity, and Evidence of Acts that May Constitute Genocide, or Conflict-Related",rules,"According to the regime’s public statements, more than 2,400 children between ages six and 17 were transported from the Donetsk, Kherson, Zaporizhzhia, and Luhansk regions of Ukraine to camps in Belarus since Russia’s full-scale invasion of Ukraine in February 2022."
2024,Belarus,belarus,400,journalists,more than,count,Section 2. Liberty,a. Freedom of the Press,rules,"According to the independent Belarusian Association of Journalists, more than 400 journalists fled the country since 2020 due to repression."
2024,Belarus,belarus,40,cases,at least,count,Section 2. Liberty,a. Freedom of the Press,rules,"As of September, the Belarusian Association of Journalists reported it recorded at least 40 cases of harassment against local journalists since the start of the year, which included detentions, imprisonment, unwarranted searches, fines, and prison sentences."
2024,Belarus,belarus,500,workers,,count,Section 2. Liberty,b. Worker Rights,rules,The threshold of membership to establish national and local trade unions was 500 workers each.
2024,Belarus,belarus,10000,workers,approximately,count,Section 2. Liberty,b. Worker Rights,rules,"As with independent NGOs, the government shut down all independent unions operating in the country in 2022, which had previously united approximately 10,000 workers."
2024,Belarus,belarus,70,percent,approximately,percentage,Section 2. Liberty,b. Worker Rights,rules,"State employees, who constituted approximately 70 percent of the workforce, could establish contracts with terms of up to five years, but most contracts expired after one year."
2024,Belarus,belarus,30,percent,up to,percentage,Section 2. Liberty,b. Worker Rights,rules,"Independent experts reported the informal economy constituted up to 30 percent of the total economy, which had a workforce of 4.1 million persons, according to government data."
2024,Belarus,belarus,257,persons,,count,Section 3. Security of the Person,e. Instances of Transnational Repression,rules,"The following day, the committee released a statement announcing the opening of a criminal case against 257 persons who were running for the democratic movement’s representative body in exile envisioned to facilitate a democratic transition, the Coordination Council, on charges of conspiring to take over state powers, calling for sanctions, establishing an “extremist” organization, and facilitating “extremist” activities."
2024,Belgium,belgium,15,percent,,percentage,Section 2. Liberty,b. Worker Rights,rules,"While estimates of the size of the informal labor market varied, some studies suggested it could make up as much as 15 percent of the country’s GDP, particularly in the hospitality and construction sectors."
2024,Belgium,belgium,15000,refugees,approximately,count,Section 3. Security of the Person,c. Protection to Refugees,rules,"According to officials, in 2023, more than 35,000 asylum seekers and approximately 15,000 refugees from Ukraine strained the country’s asylum system, which was unable to meet its obligation to provide shelter to all asylum seekers."
2024,Belgium,belgium,8000,individuals,,count,Section 3. Security of the Person,c. Protection to Refugees,rules,"This resulted in as many as 8,000 individuals without shelter."
2024,Belgium,belgium,1000,cases,more than,count,Section 3. Security of the Person,c. Protection to Refugees,rules,"The European Court of Human Rights ruled against the country in more than 1,000 cases."
2024,Belgium,belgium,35000,individuals,an estimated,count,Section 3. Security of the Person,d. Acts of Antisemitism and Antisemitic Incitement,rules,"There were an estimated 35,000 individuals in the Jewish community."
2024,Belize,belize,47,percent,,percentage,Section 2. Liberty,b. Worker Rights,rules,The International Monetary Fund estimated the informal labor sector at 47 percent of the labor force.
2024,Belize,belize,24,percent,,percentage,Section 3. Security of the Person,"a. Torture and Cruel, Inhuman, or Degrading Treatment or Punishment",rules,"Through the end of August, the Professional Standards Branch registered 75 formal complaints against members of the Belize Police Department (BPD), representing a 24 percent decrease of reports compared with 2023."
2024,Belize,belize,29,percent,,percentage,Section 3. Security of the Person,b. Protection of Children,rules,"According to UNICEF, 29 percent of women ages 20 to 49 were married or cohabiting before reaching 18."
2024,Benin,benin,60,percent,,percentage,Section 2. Liberty,b. Worker Rights,rules,"According to the UN Development Program, 60 percent of the population, predominantly in the informal sector, lived on an income of 1,200 West African CFA ($1.90) a day or less, a poverty-level income less than the minimum wage."
2024,Benin,benin,80,percent,approximately,percentage,Section 2. Liberty,b. Worker Rights,rules,"The government did not effectively enforce labor laws in the informal sector, which represented approximately 80 percent of workers."
2024,Benin,benin,9,percent,,percentage,Section 3. Security of the Person,"a. Torture and Cruel, Inhuman, or Degrading Treatment or Punishment",rules,"According to the 2020 UNICEF Inter-country Statistical Overview, 9 percent of girls and women ages 15 to 49 had undergone FGM/C."
2024,Bhutan,bhutan,80,percent,approximately,percentage,Section 2. Liberty,b. Worker Rights,rules,"The economy was largely rural and agrarian, and the ratio of informal employment to total employment was relatively high; the World Bank estimated the informal labor rate at approximately 80 percent."
2024,Bolivia,bolivia,22,attacks,,count,Section 2. Liberty,a. Freedom of the Press,rules,"During former President Morales’s “March to Save Bolivia” in September, the Bolivian National Press Association (ANP) reported 22 attacks on the press."
2024,Bolivia,bolivia,99,percent,,percentage,Section 2. Liberty,a. Freedom of the Press,rules,"Women journalists were particularly targeted, with reports that 99 percent of the social media messages against them contained digital violence of a sexual nature or other targeting because of their sex."
2024,Bolivia,bolivia,70,percent,,percentage,Section 2. Liberty,b. Worker Rights,rules,"The law did not provide these rights for agricultural workers or workers in enterprises with fewer than 20 employees, estimated to be 70 percent of all enterprises."
2024,Bolivia,bolivia,50,percent,at least,percentage,Section 2. Liberty,b. Worker Rights,rules,"The law required at least 50 percent of the workforce be in favor, an excessive requirement by international standards."
2024,Bolivia,bolivia,119,deaths,,count,Section 2. Liberty,b. Worker Rights,rules,"A December 16 report stated 119 deaths were recorded as of November as a result of informal mining, an “alarming increase” compared with previous years."
2024,Bolivia,bolivia,90,percent,,percentage,Section 2. Liberty,b. Worker Rights,rules,"According to labor law experts, the informal sector constituted between 80 and 90 percent of the economy as of October."
2024,Bosnia and Herzegovina,bosnia-and-herzegovina,8000,persons,approximately,count,Section 1. Life,"c. War Crimes, Crimes against Humanity, and Evidence of Acts that May Constitute Genocide, or Conflict-Related",rules,"Acts that May Constitute Genocide, or Conflict-Related Abuses Impunity for some crimes committed during the 1992-1995 war remained a serious problem, especially for those responsible for the approximately 8,000 persons killed in the Srebrenica genocide and for approximately 7,600 other individuals who remained missing and presumed killed."
2024,Bosnia and Herzegovina,bosnia-and-herzegovina,40,percent,approximately,percentage,Section 1. Life,"c. War Crimes, Crimes against Humanity, and Evidence of Acts that May Constitute Genocide, or Conflict-Related",rules,"Lack of access to defendants due to their presence outside of the country, particularly in Serbia and Croatia, hampered progress in approximately 40 percent of cases."
2024,Bosnia and Herzegovina,bosnia-and-herzegovina,17,men,,count,Section 1. Life,"c. War Crimes, Crimes against Humanity, and Evidence of Acts that May Constitute Genocide, or Conflict-Related",rules,"In June, the appeals chamber of the Court of Bosnia-Herzegovina (BiH) reduced by two years the 20-year sentence of Momcilo Tesic for his participation in the shooting of 17 men from the Srebrenica area in 1995."
2024,Bosnia and Herzegovina,bosnia-and-herzegovina,53,cases,,count,Section 2. Liberty,a. Freedom of the Press,rules,"As of July, the Free Media Help Line recorded 53 cases of alleged violations of journalists’ rights and freedoms, including one death threat."
2024,Bosnia and Herzegovina,bosnia-and-herzegovina,25,percent,,percentage,Section 2. Liberty,a. Freedom of the Press,rules,The BHJA estimated only 25 percent of reported cases of threats against journalists were reported to the judiciary and police.
2024,Bosnia and Herzegovina,bosnia-and-herzegovina,40,percent,approximately,percentage,Section 2. Liberty,b. Worker Rights,rules,"According to informal estimates, approximately 40 percent of the workforce was unregistered and working in the informal economy."
2024,Bosnia and Herzegovina,bosnia-and-herzegovina,65,percent,,percentage,Section 3. Security of the Person,c. Protection to Refugees,rules,"As of July, the agency registered claims from 127 persons, 65 percent more than during the same period of 2023."
2024,Bosnia and Herzegovina,bosnia-and-herzegovina,127,persons,,count,Section 3. Security of the Person,c. Protection to Refugees,rules,"As of July, the agency registered claims from 127 persons, 65 percent more than during the same period of 2023."
2024,Bosnia and Herzegovina,bosnia-and-herzegovina,40,percent,more than,percentage,Section 3. Security of the Person,c. Protection to Refugees,rules,"As of July, there were 141 asylum seekers awaiting refugee status determination interviews, of whom more than 40 percent were waiting for more than six months."
2024,Botswana,botswana,30,worker,more than,count,Section 2. Liberty,b. Worker Rights,rules,"An association needed more than 30 worker members to be a union, and the law gave the registrar authority to refuse registration upon determining that an existing trade union was sufficiently representative of employee interests."
2024,Botswana,botswana,23.5,percent,,percentage,Section 2. Liberty,b. Worker Rights,rules,"In February, the government revised the hourly minimum wage, increasing it significantly by 23.5 percent to 9.06 pula ($0.68) per hour for most sectors."
2024,Botswana,botswana,38,percent,approximately,percentage,Section 2. Liberty,b. Worker Rights,rules,"For the domestic as well as the agriculture sector, the monthly minimum wage increased by approximately 38 percent from 1,084 pula per month ($81.10) to 1,500 pula per month ($112)."
2024,Botswana,botswana,40,percent,approximately,percentage,Section 2. Liberty,b. Worker Rights,rules,"Researchers and labor academics estimated that more than 191,000 persons, approximately 40 percent of working persons, worked in the informal sector and contributed approximately 5.3 percent of all economic activity."
2024,Botswana,botswana,5.3,percent,approximately,percentage,Section 2. Liberty,b. Worker Rights,rules,"Researchers and labor academics estimated that more than 191,000 persons, approximately 40 percent of working persons, worked in the informal sector and contributed approximately 5.3 percent of all economic activity."
2024,Botswana,botswana,191000,persons,more than,count,Section 2. Liberty,b. Worker Rights,rules,"Researchers and labor academics estimated that more than 191,000 persons, approximately 40 percent of working persons, worked in the informal sector and contributed approximately 5.3 percent of all economic activity."
2024,Botswana,botswana,45,percent,,percentage,Section 2. Liberty,b. Worker Rights,rules,"Informal work sectors included wholesale and retail trade (45 percent), manufacturing (15 percent), and construction (12 percent)."
2024,Botswana,botswana,15,percent,,percentage,Section 2. Liberty,b. Worker Rights,rules,"Informal work sectors included wholesale and retail trade (45 percent), manufacturing (15 percent), and construction (12 percent)."
2024,Botswana,botswana,12,percent,,percentage,Section 2. Liberty,b. Worker Rights,rules,"Informal work sectors included wholesale and retail trade (45 percent), manufacturing (15 percent), and construction (12 percent)."
2024,Brazil,brazil,40,percent,,percentage,Section 2. Liberty,b. Worker Rights,rules,"According to the Brazilian Institute of Geography and Statistics, the informal sector represented almost 40 percent of the workforce."
2024,Brazil,brazil,886,cases,,count,Section 3. Security of the Person,d. Acts of Antisemitism and Antisemitic Incitement,rules,"From January to May, 886 cases of antisemitism were recorded, almost six times more than in the same period in 2023."
2024,Bulgaria,bulgaria,50,percent,more than,percentage,Section 2. Liberty,b. Worker Rights,rules,"The law provided the right to strike to public service employees, except for senior public servants, if more than 50 percent of the workers supported the strike."
2024,Bulgaria,bulgaria,21.5,percent,,percentage,Section 2. Liberty,b. Worker Rights,rules,"Legal protections and government inspections did not cover part-time and workers in the informal sector, which the Bulgarian Industrial Capital Association estimated at 21.5 percent of the total economy."
2024,Bulgaria,bulgaria,50,percent,,percentage,Section 3. Security of the Person,c. Protection to Refugees,rules,"The BHC criticized authorities for allegedly failing to assess vulnerable applicants during registration in 50 percent of the cases, for failing to conduct needs assessments in 91 percent of the cases of vulnerable applicants, and for failing to consider such needs assessment in asylum decisions."
2024,Bulgaria,bulgaria,91,percent,,percentage,Section 3. Security of the Person,c. Protection to Refugees,rules,"The BHC criticized authorities for allegedly failing to assess vulnerable applicants during registration in 50 percent of the cases, for failing to conduct needs assessments in 91 percent of the cases of vulnerable applicants, and for failing to consider such needs assessment in asylum decisions."
2024,Burkina Faso,burkina-faso,70,persons,more than,count,Section 1. Life,a. Extrajudicial Killings,rules,"For example, on May 22, VEOs killed more than 70 persons, including civilians, children, military personnel, and VDPs, at Seguenega in the Nord Region, according to security sources."
2024,Burkina Faso,burkina-faso,20,women,,count,Section 1. Life,"c. War Crimes, Crimes against Humanity, and Evidence of Acts that May Constitute Genocide, or Conflict-Related",rules,"Local sources reported soldiers and VDPs allegedly executed 45 civilian men in Gorouol Kadje village, Sahel Region, on April 20, and another 31 Fulani civilians, including 20 women on April 27, in the villages of Niagassi and Aligaga, Sahel Region, for supposed complicity with terrorist groups in the area."
2024,Burkina Faso,burkina-faso,56,children,,count,Section 2. Liberty,a. Freedom of the Press,rules,"On April 25, after Human Rights Watch reported details of firsthand accounts of the execution of at least 223 civilians, including 56 children, in the villages of Nondin and Soro in Burkina Faso’s Yatenga Province, the TA suspended media outlets, including Voice of America and the BBC, blocked Human Rights Watch’s website, and placed restrictions on all media from reporting on their articles."
2024,Burkina Faso,burkina-faso,90,percent,an estimated,percentage,Section 2. Liberty,b. Worker Rights,rules,The informal sector accounted for an estimated 90 percent of those employed.
2024,Burkina Faso,burkina-faso,52,percent,,percentage,Section 2. Liberty,c. Disappearance and Abduction,rules,"In 2023, authorities estimated 52 percent of prisoners nationwide were in pretrial status, but local independent human rights groups estimated it to be as high as 70 percent."
2024,Burkina Faso,burkina-faso,70,percent,,percentage,Section 2. Liberty,c. Disappearance and Abduction,rules,"In 2023, authorities estimated 52 percent of prisoners nationwide were in pretrial status, but local independent human rights groups estimated it to be as high as 70 percent."
2024,Burkina Faso,burkina-faso,40,percent,approximately,percentage,Section 2. Liberty,c. Disappearance and Abduction,rules,"The acquittal rate for terrorism cases stood at approximately 40 percent, with pretrial detention often lasting years before the accused faced trial."
2024,Burkina Faso,burkina-faso,54,persons,,count,Section 2. Liberty,c. Disappearance and Abduction,rules,"During the year, it tried 54 persons charged with terrorism-related offenses, resulting in nine acquittals, seven individuals sentenced to life imprisonment, 14 sentenced to 21 years of jail, two sentenced to five years, and six individuals released, with some cases being remanded for additional proceedings."
2024,Burkina Faso,burkina-faso,20,cases,,count,Section 3. Security of the Person,"a. Torture and Cruel, Inhuman, or Degrading Treatment or Punishment",rules,"In a July 19 workshop organized jointly with the UN Office of the High Commissioner for Human Rights, the director general of human rights for the Ministry of Justice addressed accountability of officials who might have committed human rights abuses, noting that 20 cases were opened against members of the security forces for alleged human rights abuses."
2024,Burkina Faso,burkina-faso,34,individuals,,count,Section 3. Security of the Person,"a. Torture and Cruel, Inhuman, or Degrading Treatment or Punishment",rules,"These cases implicated 34 individuals, 18 of whom were convicted, including two sentenced to life imprisonment, and 12 of whom were dismissed from the security forces."
2024,Burkina Faso,burkina-faso,18,percent,,percentage,Section 3. Security of the Person,"a. Torture and Cruel, Inhuman, or Degrading Treatment or Punishment",rules,"According to the minister of national solidarity, the FGM/C prevalence rate was 18 percent in 2023."
2024,Burkina Faso,burkina-faso,13,percent,,percentage,Section 3. Security of the Person,"a. Torture and Cruel, Inhuman, or Degrading Treatment or Punishment",rules,"According to a local association, Excision, Parlons-en, the prevalence of female genital mutilation in the country was 13 percent among girls up to age 14 and 76 percent among women and girls ages 15 to 49."
2024,Burkina Faso,burkina-faso,76,percent,,percentage,Section 3. Security of the Person,"a. Torture and Cruel, Inhuman, or Degrading Treatment or Punishment",rules,"According to a local association, Excision, Parlons-en, the prevalence of female genital mutilation in the country was 13 percent among girls up to age 14 and 76 percent among women and girls ages 15 to 49."
2024,Burkina Faso,burkina-faso,10,percent,,percentage,Section 3. Security of the Person,b. Protection of Children,rules,Data from UNICEF indicated 10 percent of girls were married before age 15 and 52 percent before age 18.
2024,Burkina Faso,burkina-faso,52,percent,,percentage,Section 3. Security of the Person,b. Protection of Children,rules,Data from UNICEF indicated 10 percent of girls were married before age 15 and 52 percent before age 18.
2024,Burma,burma,143,persons,,count,Section 1. Life,a. Extrajudicial Killings,rules,"According to the Human Rights Foundation of Monland, regime forces in April alone killed 32, injured 95, and arrested/detained 143 persons across Mon and Karen States and Tanintharyi Region."
2024,Burma,burma,11,women,,count,Section 1. Life,a. Extrajudicial Killings,rules,"As of September, the CHRO documented the death of at least 95 Chin civilians, 12 of whom were killed extrajudicially by regime soldiers, 45 in regime airstrikes, 29 from artillery shelling, and seven by land mines; 11 women and 26 children were among those killed."
2024,Burma,burma,26,children,,count,Section 1. Life,a. Extrajudicial Killings,rules,"As of September, the CHRO documented the death of at least 95 Chin civilians, 12 of whom were killed extrajudicially by regime soldiers, 45 in regime airstrikes, 29 from artillery shelling, and seven by land mines; 11 women and 26 children were among those killed."
2024,Burma,burma,50,percent,,percentage,Section 1. Life,"c. War Crimes, Crimes against Humanity, and Evidence of Acts that May Constitute Genocide, or Conflict-Related",rules,"From April 1, 2023, to June 30, 2024, the United Nations reported a 50 percent increase in overall civilian deaths, compared with the preceding 15 months and, within the report’s timeframe, a continued rise from the first half to the second."
2024,Burma,burma,637,deaths,,count,Section 1. Life,"c. War Crimes, Crimes against Humanity, and Evidence of Acts that May Constitute Genocide, or Conflict-Related",rules,"The report indicated nearly a third of the victims were women and children and noted a significant increase in civilian deaths caused by airstrikes and artillery attacks, with 613 verified deaths caused by airstrikes and 637 deaths by artillery attacks during the same period."
2024,Burma,burma,739,percent,,percentage,Section 1. Life,"c. War Crimes, Crimes against Humanity, and Evidence of Acts that May Constitute Genocide, or Conflict-Related",rules,These figures represented a 739 percent increase in civilian deaths from airstrikes and a 238 percent increase in civilians killed in artillery attacks compared with the previous 15 months.
2024,Burma,burma,238,percent,,percentage,Section 1. Life,"c. War Crimes, Crimes against Humanity, and Evidence of Acts that May Constitute Genocide, or Conflict-Related",rules,These figures represented a 739 percent increase in civilian deaths from airstrikes and a 238 percent increase in civilians killed in artillery attacks compared with the previous 15 months.
2024,Burma,burma,20000,individuals,more than,count,Section 1. Life,"c. War Crimes, Crimes against Humanity, and Evidence of Acts that May Constitute Genocide, or Conflict-Related",rules,"On November 5, The Irrawaddy reported more than 20,000 individuals fled Indaw Township in Sagaing Region after regime and allied Shanni Nationalities Army soldiers raped dozens of women among hundreds of civilians detained at a local monastery."
2024,Burma,burma,65,journalists,approximately,count,Section 2. Liberty,a. Freedom of the Press,rules,"According to the AAPP and international press freedom rights groups, the country held approximately 65 journalists in prison as of September."
2024,Burma,burma,30,workers,,count,Section 2. Liberty,b. Worker Rights,rules,Basic labor organizations were required to have a minimum of 30 workers and register through township registrars via the Chief Registrar’s Office of the regime Ministry of Labor.
2024,Burma,burma,20,percent,,percentage,Section 2. Liberty,b. Worker Rights,rules,"In at-risk industries – defined as having occupational hazards, volatile pay structures, and ease in exploiting labor rights – 20 percent of workers on average had an informal work arrangement, although the proportion was even higher in manufacturing, construction, recreation, and personal services."
2024,Burma,burma,22,persons,at least,count,Section 2. Liberty,c. Disappearance and Abduction,rules,"Arrests included at least 22 persons in Mandalay, with additional detentions reported in other regions."
2024,Burma,burma,189,women,,count,Section 2. Liberty,c. Disappearance and Abduction,rules,"According to the NLD Human Rights Documentation Team, 2,181 NLD members were under arrest as of August 19, including 145 members of parliament and 189 women who served on township committees."
2024,Burma,burma,123,percent,,percentage,Section 3. Security of the Person,b. Protection of Children,rules,"The secretary-general stated he was “deeply alarmed by the surge in grave violations against children,” citing 2,799 abuses affecting 2,093 children, which represented a 123 percent increase from the previous year."
2024,Burma,burma,2093,children,,count,Section 3. Security of the Person,b. Protection of Children,rules,"The secretary-general stated he was “deeply alarmed by the surge in grave violations against children,” citing 2,799 abuses affecting 2,093 children, which represented a 123 percent increase from the previous year."
2024,Burma,burma,1171,children,,count,Section 3. Security of the Person,b. Protection of Children,rules,"The United Nations verified the unlawful recruitment and use of 1,171 children (1,123 boys, 42 girls, and six of unknown sex) by the regime’s military and affiliated militias."
2024,Burma,burma,1123,boys,,count,Section 3. Security of the Person,b. Protection of Children,rules,"The United Nations verified the unlawful recruitment and use of 1,171 children (1,123 boys, 42 girls, and six of unknown sex) by the regime’s military and affiliated militias."
2024,Burma,burma,42,girls,,count,Section 3. Security of the Person,b. Protection of Children,rules,"The United Nations verified the unlawful recruitment and use of 1,171 children (1,123 boys, 42 girls, and six of unknown sex) by the regime’s military and affiliated militias."
2024,Burundi,burundi,279,killings,,count,Section 1. Life,a. Extrajudicial Killings,rules,"The nongovernmental organization (NGO) Ligue Iteka, which was banned in 2017, continued operating from outside the country and documented 279 killings by the end of August, as compared with 284 the previous year."
2024,Burundi,burundi,20,persons,at least,count,Section 1. Life,a. Extrajudicial Killings,rules,"Media reported that gunmen linked to the Burundian armed rebel group RED-Tabara operating from the DRC in December 2023 launched an attack near the village of Vugizo, Bujumbura Province, killing at least 20 persons and prompting a response from the Burundian National Defense Force."
2024,Burundi,burundi,90,percent,more than,percentage,Section 2. Liberty,b. Worker Rights,rules,"More than 90 percent of the working population worked in the informal economy, mostly in agriculture and as domestic workers, and thus lacked access to legal protections."
2024,Burundi,burundi,24,cases,,count,Section 2. Liberty,c. Disappearance and Abduction,rules,"As of August 30, Ligue Iteka documented 24 cases of disappearances, compared with 16 in the previous year."
2024,Cabo Verde,cabo-verde,52,percent,approximately,percentage,Section 2. Liberty,b. Worker Rights,rules,"According to the National Institute of Statistics, approximately 52 percent of jobs were in the informal economy, including domestic work and self- employment in tourism, trade, agriculture, livestock-raising, and fishing."
2024,Cambodia,cambodia,39,cases,,count,Section 2. Liberty,a. Freedom of the Press,rules,Observers reported 39 cases of threats and harassment against journalists and reporters as of August.
2024,Cambodia,cambodia,10,percent,nearly,percentage,Section 2. Liberty,a. Freedom of the Press,rules,"The nongovernmental organization (NGO) Cambodian Center for Independent Media and the Cambodian Journalists Alliance Association produced a report in September noting that in 2023 at least 59 journalists were harassed, an increase of nearly 10 percent from 2022."
2024,Cambodia,cambodia,59,journalists,at least,count,Section 2. Liberty,a. Freedom of the Press,rules,"The nongovernmental organization (NGO) Cambodian Center for Independent Media and the Cambodian Journalists Alliance Association produced a report in September noting that in 2023 at least 59 journalists were harassed, an increase of nearly 10 percent from 2022."
2024,Cambodia,cambodia,18,cases,,count,Section 2. Liberty,a. Freedom of the Press,rules,"One organization recorded three revocations of media licenses, six defamation complaints, three threats, and 18 cases of harassment against journalists from January to August."
2024,Cambodia,cambodia,90,percent,nearly,percentage,Section 2. Liberty,b. Worker Rights,rules,Some union leaders estimated that nearly 90 percent of registered unions were “inactive and pro-employers and government.” They added that independent organizers faced discrimination in forming new unions.
2024,Cambodia,cambodia,34000,workers,nearly,count,Section 2. Liberty,b. Worker Rights,rules,"In their joint statement to the United Nations Universal Periodic Review in February, 20 human and labor rights NGOs noted that based on data collected from their union members, at least 49 factories failed to convert short-term contracts into permanent contracts for nearly 34,000 workers, and 630 elected union members were not hired under a permanent contract after forming unions."
2024,Cambodia,cambodia,21,percent,,percentage,Section 2. Liberty,b. Worker Rights,rules,"From January to July, there were 63 strikes (a 21 percent increase from last year), while there were only three demonstrations (a 40 percent decrease from last year)."
2024,Cambodia,cambodia,40,percent,,percentage,Section 2. Liberty,b. Worker Rights,rules,"From January to July, there were 63 strikes (a 21 percent increase from last year), while there were only three demonstrations (a 40 percent decrease from last year)."
2024,Cambodia,cambodia,90,percent,,percentage,Section 2. Liberty,b. Worker Rights,rules,"The spokesperson added that 90 percent of these strikes and demonstrations were “effectively resolved.” Ministry of Labor officials saw in these numbers a steady decline in strikes and demonstrations over time, which they claimed was evidence of the government’s success in enhancing labor conditions and benefits."
2024,Cambodia,cambodia,600,workers,,count,Section 2. Liberty,b. Worker Rights,rules,"In March, 600 workers marched to the Ministry of Labor, demanding their wages and benefits after a Chinese-owned factory declared bankruptcy."
2024,Cambodia,cambodia,1300,workers,over,count,Section 2. Liberty,b. Worker Rights,rules,"Union leader Chhim Sithar was released from prison in September after serving a two-year sentence for leading a union strike over the NagaWorld casino’s 2021 dismissal of over 1,300 workers."
2024,Cambodia,cambodia,50,percent,,percentage,Section 2. Liberty,b. Worker Rights,rules,"As of June, the Arbitration Council, an independent alternative dispute resolution mechanism, heard only eight labor disputes, a 50 percent decrease in hearings compared to the same period in 2023 and continuing a trend in decreased case hearings since the adoption of the 2016 Trade Union Law."
2024,Cambodia,cambodia,53,cases,,count,Section 2. Liberty,b. Worker Rights,rules,"The Arbitration Council heard a total of 22 collective dispute cases in 2023, and 53 cases in 2022."
2024,Cambodia,cambodia,130,percent,,percentage,Section 2. Liberty,b. Worker Rights,rules,"The law established a rate of 130 percent of daytime wages for nightshift work and 150 percent for overtime, which increased to 200 percent if overtime occurred at night, on a Sunday, or on a holiday."
2024,Cambodia,cambodia,150,percent,,percentage,Section 2. Liberty,b. Worker Rights,rules,"The law established a rate of 130 percent of daytime wages for nightshift work and 150 percent for overtime, which increased to 200 percent if overtime occurred at night, on a Sunday, or on a holiday."
2024,Cambodia,cambodia,200,percent,,percentage,Section 2. Liberty,b. Worker Rights,rules,"The law established a rate of 130 percent of daytime wages for nightshift work and 150 percent for overtime, which increased to 200 percent if overtime occurred at night, on a Sunday, or on a holiday."
2024,Cambodia,cambodia,400,percent,,percentage,Section 2. Liberty,b. Worker Rights,rules,"According to data from the National Social Security Fund (NSSF), during the first six months of the year, there were mass fainting incidents at five sites involving 137 workers, a 400 percent increase from the same period in 2023."
2024,Cambodia,cambodia,137,workers,,count,Section 2. Liberty,b. Worker Rights,rules,"According to data from the National Social Security Fund (NSSF), during the first six months of the year, there were mass fainting incidents at five sites involving 137 workers, a 400 percent increase from the same period in 2023."
2024,Cambodia,cambodia,30,percent,up to,percentage,Section 2. Liberty,b. Worker Rights,rules,In June Oxfam reported that subcontractors accounted for up to 30 percent of the apparel industry’s workforce.
2024,Cambodia,cambodia,20,percent,over,percentage,Section 2. Liberty,b. Worker Rights,rules,"According to the Ministry of Labor, in the first six months of the year, 138 factory workers were killed and over 1,700 seriously injured in occupational hazards; over 20 percent of these deaths and injuries, however, occurred while workers were commuting to and from work."
2024,Cambodia,cambodia,88,percent,approximately,percentage,Section 2. Liberty,b. Worker Rights,rules,"According to the most recent estimates, the informal sector employed approximately 88 percent of the country’s workforce."
2024,Cambodia,cambodia,5,percent,around,percentage,Section 2. Liberty,b. Worker Rights,rules,Members from the informal sector account for around 5 percent of the 2.7 million.
2024,Cambodia,cambodia,18,percent,,percentage,Section 3. Security of the Person,b. Protection of Children,rules,The 2022 Cambodia Demographic and Health Survey found 18 percent of women ages 20 to 24 were married before age 18; in some rural areas the rate exceeded 30 percent.
2024,Cambodia,cambodia,30,percent,,percentage,Section 3. Security of the Person,b. Protection of Children,rules,The 2022 Cambodia Demographic and Health Survey found 18 percent of women ages 20 to 24 were married before age 18; in some rural areas the rate exceeded 30 percent.
2024,Cameroon,cameroon,70,persons,more than,count,Section 1. Life,"c. War Crimes, Crimes against Humanity, and Evidence of Acts that May Constitute Genocide",rules,"On February 11, the detonation of an IED in the Northwest Region town of Nkambe killed a girl, aged 15, and injured more than 70 persons."
2024,Cameroon,cameroon,21,arrest,,count,Section 2. Liberty,a. Freedom of the Press,rules,His lawyer stated the June 21 arrest was based on claims by the intelligence service that Siddiki’s supporters were planning to demonstrate to celebrate his release.
2024,Cameroon,cameroon,48,percent,up to,percentage,Section 2. Liberty,b. Worker Rights,rules,"Following negotiations, on August 22, the minister of labor and social security presided over the signing of a collective agreement between the dockers’ unions and employers that provided for salary increases of up to 48 percent, among other benefits."
2024,Cameroon,cameroon,5,percent,,percentage,Section 2. Liberty,b. Worker Rights,rules,"Acceptable Work Conditions Wage and Hour Laws On February 21, the government increased state workers’ salaries by 5 percent, following an increase in the price of fuel on February 3."
2024,Cameroon,cameroon,150,percent,,percentage,Section 2. Liberty,b. Worker Rights,rules,"Premium pay for overtime ranged from 120 to 150 percent of the hourly rate, depending on the amount of overtime and whether it was weekend or late-night overtime."
2024,Cameroon,cameroon,90,percent,,percentage,Section 2. Liberty,b. Worker Rights,rules,The International Labor Organization reported informal workers made up 90 percent of the labor force in the country.
2024,Cameroon,cameroon,75,percent,,percentage,Section 2. Liberty,c. Disappearance and Abduction,rules,"While the law provided that defendants should be released on bail in all but the most serious crimes, the Bar Association estimated 75 percent of pretrial detainees, approximately 14,300 persons, were accused of misdemeanor offenses, with juveniles particularly affected."
2024,Cameroon,cameroon,14300,persons,approximately,count,Section 2. Liberty,c. Disappearance and Abduction,rules,"While the law provided that defendants should be released on bail in all but the most serious crimes, the Bar Association estimated 75 percent of pretrial detainees, approximately 14,300 persons, were accused of misdemeanor offenses, with juveniles particularly affected."
2024,Cameroon,cameroon,31,percent,,percentage,Section 3. Security of the Person,b. Protection of Children,rules,UNICEF’s 2018 child marriage data revealed 31 percent of women between ages 20 to 24 were married before age 18 and 11 percent were married before age 15.
2024,Cameroon,cameroon,11,percent,,percentage,Section 3. Security of the Person,b. Protection of Children,rules,UNICEF’s 2018 child marriage data revealed 31 percent of women between ages 20 to 24 were married before age 18 and 11 percent were married before age 15.
2024,Canada,canada,10,percent,approximately,percentage,Section 2. Liberty,b. Worker Rights,rules,These industries employed approximately 10 percent of workers.
2024,Canada,canada,36,percent,,percentage,Section 2. Liberty,b. Worker Rights,rules,It increased the monetary value of penalties levied in 2023 for violations by 36 percent over 2022 and increased the number of employers banned from hiring temporary migrant workers to 12 from seven in 2022.
2024,Canada,canada,11.3,percent,,percentage,Section 2. Liberty,b. Worker Rights,rules,"The size of the informal sector was 11.3 percent of the workforce, according to World Economics data."
2024,Canada,canada,0.2,percent,approximately,percentage,Section 3. Security of the Person,b. Protection of Children,rules,"A 2021 study estimated that child marriages, particularly of brides younger than 18, occurred in approximately 0.2 percent of all marriages, with the highest concentrations of child marriages found in Alberta, Manitoba, Saskatchewan, and the Northwest and Yukon Territories."
2024,Canada,canada,1.4,percent,approximately,percentage,Section 3. Security of the Person,d. Acts of Antisemitism and Antisemitic Incitement,rules,Approximately 1.4 percent of the population was Jewish.
2024,Canada,canada,71,percent,,percentage,Section 3. Security of the Person,d. Acts of Antisemitism and Antisemitic Incitement,rules,"According to authorities, 900 hate crimes against the Jewish community were reported to police in 2023, a 71 percent increase from the previous year."
2024,Canada,canada,109,percent,,percentage,Section 3. Security of the Person,d. Acts of Antisemitism and Antisemitic Incitement,rules,"The B’nai Brith Canada League for Human Rights received a total of 5,791 reports of antisemitic incidents in 2023 (the most recent available data), up 109 percent from 2022."
2024,Canada,canada,208,percent,,percentage,Section 3. Security of the Person,d. Acts of Antisemitism and Antisemitic Incitement,rules,"Reports involving violence increased by 208 percent, harassment by 124 percent, and online harassment by 136 percent."
2024,Canada,canada,124,percent,,percentage,Section 3. Security of the Person,d. Acts of Antisemitism and Antisemitic Incitement,rules,"Reports involving violence increased by 208 percent, harassment by 124 percent, and online harassment by 136 percent."
2024,Canada,canada,136,percent,,percentage,Section 3. Security of the Person,d. Acts of Antisemitism and Antisemitic Incitement,rules,"Reports involving violence increased by 208 percent, harassment by 124 percent, and online harassment by 136 percent."
2024,Central African Republic,central-african-republic,222,cases,,count,Section 1. Life,"c. War Crimes, Crimes against Humanity, and Evidence of Acts that May Constitute Genocide, or Conflict-Related",rules,"Between January-September, the Human Rights Division of the United National Multidimensional Integrated Stabilization Mission in the Central African Republic (MINUSCA) documented 222 cases of conflict-related sexual violence, including rape and sexual slavery, affecting 292 victims."
2024,Central African Republic,central-african-republic,292,victims,,count,Section 1. Life,"c. War Crimes, Crimes against Humanity, and Evidence of Acts that May Constitute Genocide, or Conflict-Related",rules,"Between January-September, the Human Rights Division of the United National Multidimensional Integrated Stabilization Mission in the Central African Republic (MINUSCA) documented 222 cases of conflict-related sexual violence, including rape and sexual slavery, affecting 292 victims."
2024,Central African Republic,central-african-republic,400000,persons,an estimated,count,Section 2. Liberty,b. Worker Rights,rules,"Diamond mines, which employed an estimated 400,000 persons, were subject to standards imposed by the mining code and inspection by the Miners’ Brigade."
2024,Central African Republic,central-african-republic,60,percent,,percentage,Section 2. Liberty,b. Worker Rights,rules,"Most economic activity in the country, especially for young persons, was informal, conducted by micro-, small, and medium-sized enterprises representing 40 to 60 percent of GDP."
2024,Central African Republic,central-african-republic,1521,victims,,count,Section 2. Liberty,c. Disappearance and Abduction,rules,"A MINUSCA report published in July documented 431 illegal or arbitrary arrests and detentions by state agents, affecting 1,521 victims (including 61 women, 10 girls, 87 boys and two groups of collective victims)."
2024,Central African Republic,central-african-republic,61,women,,count,Section 2. Liberty,c. Disappearance and Abduction,rules,"A MINUSCA report published in July documented 431 illegal or arbitrary arrests and detentions by state agents, affecting 1,521 victims (including 61 women, 10 girls, 87 boys and two groups of collective victims)."
2024,Central African Republic,central-african-republic,10,girls,,count,Section 2. Liberty,c. Disappearance and Abduction,rules,"A MINUSCA report published in July documented 431 illegal or arbitrary arrests and detentions by state agents, affecting 1,521 victims (including 61 women, 10 girls, 87 boys and two groups of collective victims)."
2024,Central African Republic,central-african-republic,87,boys,,count,Section 2. Liberty,c. Disappearance and Abduction,rules,"A MINUSCA report published in July documented 431 illegal or arbitrary arrests and detentions by state agents, affecting 1,521 victims (including 61 women, 10 girls, 87 boys and two groups of collective victims)."
2024,Central African Republic,central-african-republic,41,cases,,count,Section 2. Liberty,c. Disappearance and Abduction,rules,"MINUSCA also documented 41 cases in 2023 of illegal arrest and detention committed solely by the FACA affecting 98 victims (including women, girls and boys)."
2024,Central African Republic,central-african-republic,98,victims,,count,Section 2. Liberty,c. Disappearance and Abduction,rules,"MINUSCA also documented 41 cases in 2023 of illegal arrest and detention committed solely by the FACA affecting 98 victims (including women, girls and boys)."
2024,Central African Republic,central-african-republic,2000,detainees,nearly,count,Section 2. Liberty,c. Disappearance and Abduction,rules,"At the end of 2023, nearly 2,000 detainees were awaiting trial, including some who had spent six years or more in prison without trial."
2024,Central African Republic,central-african-republic,125,victims,,count,Section 3. Security of the Person,"a. Torture and Cruel, Inhuman, or Degrading Treatment or Punishment",rules,"In July, MINUSCA reported that in 2023 it documented 125 victims of torture and cruel, inhuman or degrading treatment in detention, in some cases resulting in death."
2024,Central African Republic,central-african-republic,20,percent,more than,percentage,Section 3. Security of the Person,"a. Torture and Cruel, Inhuman, or Degrading Treatment or Punishment",rules,"More than 20 percent of girls and women were subjected to female genital mutilation/cutting (FGM/C), with variations according to ethnicity and region, according to the 2019 Multiple Indicator Cluster Survey study and verified as up to date by UN agencies."
2024,Central African Republic,central-african-republic,60,percent,more than,percentage,Section 3. Security of the Person,"a. Torture and Cruel, Inhuman, or Degrading Treatment or Punishment",rules,"In the central-north region, more than 60 percent of women and girls were subjected to FGM/C."
2024,Central African Republic,central-african-republic,11,percent,,percentage,Section 3. Security of the Person,c. Protection to Refugees,rules,"As of July, a total of 4,026,470 persons were affected by armed conflict, including 453,301 IDPs (11 percent of the displaced population), 2,256,970 former IDP returnees (56 percent), 531,919 returnees from abroad (13 percent), and 784,280 refugees (20 percent)."
2024,Central African Republic,central-african-republic,56,percent,,percentage,Section 3. Security of the Person,c. Protection to Refugees,rules,"As of July, a total of 4,026,470 persons were affected by armed conflict, including 453,301 IDPs (11 percent of the displaced population), 2,256,970 former IDP returnees (56 percent), 531,919 returnees from abroad (13 percent), and 784,280 refugees (20 percent)."
2024,Central African Republic,central-african-republic,13,percent,,percentage,Section 3. Security of the Person,c. Protection to Refugees,rules,"As of July, a total of 4,026,470 persons were affected by armed conflict, including 453,301 IDPs (11 percent of the displaced population), 2,256,970 former IDP returnees (56 percent), 531,919 returnees from abroad (13 percent), and 784,280 refugees (20 percent)."
2024,Central African Republic,central-african-republic,20,percent,,percentage,Section 3. Security of the Person,c. Protection to Refugees,rules,"As of July, a total of 4,026,470 persons were affected by armed conflict, including 453,301 IDPs (11 percent of the displaced population), 2,256,970 former IDP returnees (56 percent), 531,919 returnees from abroad (13 percent), and 784,280 refugees (20 percent)."
2024,Central African Republic,central-african-republic,4026470,persons,,count,Section 3. Security of the Person,c. Protection to Refugees,rules,"As of July, a total of 4,026,470 persons were affected by armed conflict, including 453,301 IDPs (11 percent of the displaced population), 2,256,970 former IDP returnees (56 percent), 531,919 returnees from abroad (13 percent), and 784,280 refugees (20 percent)."
2024,Central African Republic,central-african-republic,784280,refugees,,count,Section 3. Security of the Person,c. Protection to Refugees,rules,"As of July, a total of 4,026,470 persons were affected by armed conflict, including 453,301 IDPs (11 percent of the displaced population), 2,256,970 former IDP returnees (56 percent), 531,919 returnees from abroad (13 percent), and 784,280 refugees (20 percent)."
2024,Chad,chad,90,percent,more than,percentage,Section 2. Liberty,b. Worker Rights,rules,More than 90 percent of employees in the formal sector belonged to unions.
2024,Chad,chad,96,percent,,percentage,Section 2. Liberty,b. Worker Rights,rules,The World Bank reported almost 96 percent of workers were in the informal sector.
2024,Chad,chad,24,percent,approximately,percentage,Section 3. Security of the Person,b. Protection of Children,rules,"According to UNICEF’s 2019 data, approximately 24 percent of women ages 20 to 24 were married or in a union before age 15 and nearly 61 percent were married or in a union before age 18."
2024,Chad,chad,61,percent,nearly,percentage,Section 3. Security of the Person,b. Protection of Children,rules,"According to UNICEF’s 2019 data, approximately 24 percent of women ages 20 to 24 were married or in a union before age 15 and nearly 61 percent were married or in a union before age 18."
2024,Chile,chile,50,workers,fewer than,count,Section 2. Liberty,b. Worker Rights,rules,"Intercompany unions for workers at micro- or small businesses (i.e., with fewer than 50 workers) were permitted to bargain collectively only when the individual employers all agreed to negotiate under such terms."
2024,Chile,chile,50,percent,more than,percentage,Section 2. Liberty,b. Worker Rights,rules,"The law did not provide collective bargaining rights for workers in a public or private institution that received more than 50 percent of its funding from the state in either of the preceding two years, or whose budget was dependent upon the Ministry of Defense."
2024,Chile,chile,28,percent,approximately,percentage,Section 2. Liberty,b. Worker Rights,rules,A May-July survey by the Statistics National Institute revealed informal employment represented approximately 28 percent of total employment.
2024,Chile,chile,20000,persons,approximately,count,Section 3. Security of the Person,d. Acts of Antisemitism and Antisemitic Incitement,rules,"The Jewish community consisted of approximately 20,000 persons."
2024,China,china,108,journalists,,count,Section 2. Liberty,a. Freedom of the Press,rules,Reporters Without Borders’ 2023 World Press Freedom Index tallied 108 journalists (professional and nonprofessional) detained in the country as of August.
2024,China,china,81,percent,,percentage,Section 2. Liberty,a. Freedom of the Press,rules,"According to the 2023 Foreign Correspondents’ Club of China report and survey released in April, COVID restrictions resulted in a “substantive rise in the number of reported incidents of harassment from official and nonofficial sources while reporting around China.” A majority of respondents to the survey, 81 percent, said they had experienced interference, harassment, or violence, further limiting the ability of foreign journalists to engage in independent field reporting."
2024,China,china,54,percent,,percentage,Section 2. Liberty,a. Freedom of the Press,rules,"Over half of the respondents (54 percent) said they experienced obstruction at least once by police or other officials, with numerous respondents recounting instances where they were detained, or prevented from filing, taking pictures, or conducting interviews."
2024,China,china,37,percent,,percentage,Section 2. Liberty,a. Freedom of the Press,rules,"More than one-third of survey respondents (37 percent) reported confirmed reporting trips or interviews were canceled because of “official pressure,” a 6 percent increase from 2022."
2024,China,china,6,percent,,percentage,Section 2. Liberty,a. Freedom of the Press,rules,"More than one-third of survey respondents (37 percent) reported confirmed reporting trips or interviews were canceled because of “official pressure,” a 6 percent increase from 2022."
2024,China,china,85,percent,,percentage,Section 2. Liberty,a. Freedom of the Press,rules,Reporting from “politically sensitive” areas resulted in significant interference and harassment; 85 percent of surveyed journalists who attempted to report from Xinjiang experienced problems.
2024,China,china,68,percent,,percentage,Section 2. Liberty,a. Freedom of the Press,rules,"Reports of interference declined in the Inner Mongolian Autonomous Region and the border with Southeast Asian countries, but remained high, at 68 percent and 43 percent respectively."
2024,China,china,43,percent,,percentage,Section 2. Liberty,a. Freedom of the Press,rules,"Reports of interference declined in the Inner Mongolian Autonomous Region and the border with Southeast Asian countries, but remained high, at 68 percent and 43 percent respectively."
2024,China,china,30,percent,,percentage,Section 2. Liberty,a. Freedom of the Press,rules,"Government regulations restricted and limited public access to foreign television shows, which were banned during primetime, and local streaming services had to limit the foreign portion of their program libraries to less than 30 percent."
2024,China,china,38,percent,,percentage,Section 2. Liberty,b. Worker Rights,rules,"The report found that Xinjiang “significantly expanded the scale of the Pairing Assistance program, which facilitates cross-provincial labor transfers, aiming to increase transfers to other Chinese regions by 38 percent – levels exceeding those of any year since the mid-2010s.” In August 2023, the Helena Kennedy Centre at Sheffield Hallam University in the United Kingdom reported that government labor transfer programs had increased in scale, with companies continuing to accept “surplus laborers” transferred from predominantly Uyghur or Turkic Muslim-minority regions of Xinjiang."
2024,China,china,480000,migrant,approximately,count,Section 2. Liberty,b. Worker Rights,rules,"According to the Ministry of Justice, legal aid organizations across the country investigated approximately 480,000 migrant worker cases and helped 540,000 migrant workers recover almost 6.8 billion yuan ($952 million) in wages and other benefits in 2023."
2024,China,china,540000,migrant,,count,Section 2. Liberty,b. Worker Rights,rules,"According to the Ministry of Justice, legal aid organizations across the country investigated approximately 480,000 migrant worker cases and helped 540,000 migrant workers recover almost 6.8 billion yuan ($952 million) in wages and other benefits in 2023."
2024,China,china,90,percent,,percentage,Section 2. Liberty,b. Worker Rights,rules,Informal work was particularly prevalent for internal migrants and domestic workers; 90 percent of an estimated 38.5 million domestic workers lacked formal work agreements and protections.
2024,China,china,113407,persons,,count,Section 2. Liberty,c. Disappearance and Abduction,rules,"According to a 2022 report by human rights NGO Safeguard Defenders, between 55,977 and 113,407 persons were placed into RSDL (and later faced trial) from 2015 to 2021."
2024,China,china,60000,individuals,approximately,count,Section 2. Liberty,c. Disappearance and Abduction,rules,"In a separate March 2023 report, Safeguard Defenders estimated that the government placed approximately 60,000 individuals in liuzhi between March 2018 and the end of 2021."
2024,China,china,860000,persons,,count,Section 2. Liberty,c. Disappearance and Abduction,rules,"The report estimated RS was used on between 560,000 and 860,000 persons since 2012."
2024,China,china,2875,individuals,,count,Section 2. Liberty,c. Disappearance and Abduction,rules,"The NSC-CCDI published partial statistics in relation to its campaign targeting law enforcement officials, including that CCDI placed 2,875 individuals in liuzhi between February and July 2021."
2024,China,china,3,percent,,percentage,Section 3. Security of the Person,d. Acts of Antisemitism and Antisemitic Incitement,rules,"For example, a widely viewed post on Weibo from the social media account of the government-controlled CCTV (China Central Television) falsely claimed that 3 percent of Jews in the United States controlled 70 percent of American wealth."
2024,China,china,70,percent,,percentage,Section 3. Security of the Person,d. Acts of Antisemitism and Antisemitic Incitement,rules,"For example, a widely viewed post on Weibo from the social media account of the government-controlled CCTV (China Central Television) falsely claimed that 3 percent of Jews in the United States controlled 70 percent of American wealth."
2024,China,china,283,cases,,count,Section 3. Security of the Person,e. Instances of Transnational Repression,rules,"Threats, Harassment, Surveillance, or Coercion In April Safeguard Defenders released a report analyzing 283 cases of individual forced returns to the country from at least 56 other countries since 2014 (although the report did not distinguish between criminals and victims of transnational repression)."
2024,Colombia,colombia,134,investigations,,count,Section 1. Life,a. Extrajudicial Killings,rules,"Of these, 134 investigations were active and 13 were inactive."
2024,Colombia,colombia,38,cases,,count,Section 1. Life,a. Extrajudicial Killings,rules,"CINEP reported that between January and June, criminal groups such as Clan del Golfo were responsible for 38 cases of unlawful killings, comprising a total of 59 victims."
2024,Colombia,colombia,59,victims,,count,Section 1. Life,a. Extrajudicial Killings,rules,"CINEP reported that between January and June, criminal groups such as Clan del Golfo were responsible for 38 cases of unlawful killings, comprising a total of 59 victims."
2024,Colombia,colombia,16,cases,,count,Section 1. Life,a. Extrajudicial Killings,rules,"The Revolutionary Armed Forces of Colombia-People’s Army (FARC-EP) was responsible for 16 cases of killings of civilians, which included 22 total victims."
2024,Colombia,colombia,41,deaths,,count,Section 1. Life,a. Extrajudicial Killings,rules,"Of those allegations, the OHCHR confirmed 41 deaths were related to the individual’s actions defending human rights, 42 were undergoing verification, and 55 cases were found to be inconclusive."
2024,Colombia,colombia,55,cases,,count,Section 1. Life,a. Extrajudicial Killings,rules,"Of those allegations, the OHCHR confirmed 41 deaths were related to the individual’s actions defending human rights, 42 were undergoing verification, and 55 cases were found to be inconclusive."
2024,Colombia,colombia,130,killings,,count,Section 1. Life,a. Extrajudicial Killings,rules,The Office of the Ombudsperson reported 130 killings of social leaders occurred between January 1 and September 30.
2024,Colombia,colombia,44,percent,,percentage,Section 2. Liberty,a. Freedom of the Press,rules,"Of journalists surveyed, 44 percent reported suffering some type of abuse, with 36 percent of incidents including violence or threats."
2024,Colombia,colombia,36,percent,,percentage,Section 2. Liberty,a. Freedom of the Press,rules,"Of journalists surveyed, 44 percent reported suffering some type of abuse, with 36 percent of incidents including violence or threats."
2024,Colombia,colombia,26,percent,,percentage,Section 2. Liberty,a. Freedom of the Press,rules,"There were 166 reported threats made against journalists, a 26 percent increase compared with the same period during 2023."
2024,Colombia,colombia,323,incidents,,count,Section 2. Liberty,a. Freedom of the Press,rules,"Between January 1 and July 31, there were 323 incidents of violence and harassment against journalists, including physical aggression and intimidation committed by governmental and nongovernmental actors."
2024,Colombia,colombia,17,killings,,count,Section 2. Liberty,a. Freedom of the Press,rules,"President Gustavo Petro referred to the work of reporters critical of his administration as “Mossad journalism” and called women journalists with whom he disagreed “puppets of the mafia.” From January 1 through July 26, the Attorney General’s Office investigated 17 killings of journalists, 645 threats, and 169 cases of violence and harassment of journalists."
2024,Colombia,colombia,169,cases,,count,Section 2. Liberty,a. Freedom of the Press,rules,"President Gustavo Petro referred to the work of reporters critical of his administration as “Mossad journalism” and called women journalists with whom he disagreed “puppets of the mafia.” From January 1 through July 26, the Attorney General’s Office investigated 17 killings of journalists, 645 threats, and 169 cases of violence and harassment of journalists."
2024,Colombia,colombia,155,journalists,,count,Section 2. Liberty,a. Freedom of the Press,rules,The UNP provided protection to 155 journalists from January 1 to March 31.
2024,Colombia,colombia,19,cases,,count,Section 2. Liberty,b. Worker Rights,rules,The Attorney General’s Office reported receiving 19 cases of threats against unionists involving 41 victims as of July 15.
2024,Colombia,colombia,41,victims,,count,Section 2. Liberty,b. Worker Rights,rules,The Attorney General’s Office reported receiving 19 cases of threats against unionists involving 41 victims as of July 15.
2024,Colombia,colombia,110,individuals,,count,Section 2. Liberty,b. Worker Rights,rules,"Between January 1 and July 28, the Attorney General’s Office reported the prosecution of 110 individuals involved in illegal mining activities."
2024,Colombia,colombia,55.6,percent,,percentage,Section 2. Liberty,b. Worker Rights,rules,"The National Statistical Service reported that from January through March, 55.6 percent of all laborers worked in the informal sector."
2024,Colombia,colombia,121,cases,,count,Section 2. Liberty,c. Disappearance and Abduction,rules,The Ombudsperson’s Office reported receiving notifications of 121 cases of enforced disappearance committed by armed groups and criminal gangs from January 1 through August 31.
2024,Colombia,colombia,2736,persons,,count,Section 2. Liberty,c. Disappearance and Abduction,rules,"According to the National Registry of Missing Persons of the National Institute of Forensic and Legal Medicine, from January 1 to June 30, 2,736 persons were reported missing."
2024,Colombia,colombia,68,cases,,count,Section 2. Liberty,c. Disappearance and Abduction,rules,This included 68 cases classified as alleged enforced disappearances.
2024,Colombia,colombia,15,persons,,count,Section 2. Liberty,c. Disappearance and Abduction,rules,"According to the NGO Temblores, police misused a temporary protection mechanism to arbitrarily detain protesters, and from January 1 to June 30, 15 persons were arbitrarily detained using this legal mechanism."
2024,Colombia,colombia,46,cases,,count,Section 2. Liberty,c. Disappearance and Abduction,rules,"According to the Attorney General’s Office, between January 1 and July 28, 46 cases were opened related to arbitrary detention, illegal deprivation of liberty, illegal extension of liberty deprivation, and disregard for habeas corpus, all committed by government officials."
2024,Colombia,colombia,21.4,percent,,percentage,Section 2. Liberty,c. Disappearance and Abduction,rules,"According to the National Penitentiary and Prison Institute, 21.4 percent of prison detainees (approximately 22,000 persons) were in pretrial detention."
2024,Colombia,colombia,22000,persons,approximately,count,Section 2. Liberty,c. Disappearance and Abduction,rules,"According to the National Penitentiary and Prison Institute, 21.4 percent of prison detainees (approximately 22,000 persons) were in pretrial detention."
2024,Colombia,colombia,24,cases,,count,Section 3. Security of the Person,"a. Torture and Cruel, Inhuman, or Degrading Treatment or Punishment",rules,Temblores reported 24 cases of police violence against peaceful demonstrators between January 1 and June 30 as part of actions by the police Unit for Dialogue and Order Maintenance (UNDMO).
2024,Colombia,colombia,54,cases,,count,Section 3. Security of the Person,"a. Torture and Cruel, Inhuman, or Degrading Treatment or Punishment",rules,"The Ministry of Health reported 54 cases of FGM, primarily in the department of Risaralda."
2024,Colombia,colombia,159,cases,,count,Section 3. Security of the Person,b. Protection of Children,rules,The Ombudsperson’s Office reported that of the 159 cases of forced recruitment of children recorded in the first half of the year.
2024,Colombia,colombia,5500,persons,approximately,count,Section 3. Security of the Person,d. Acts of Antisemitism and Antisemitic Incitement,rules,"The Jewish community, which numbered approximately 5,500 persons, reported instances of antisemitic comments on social media."
2024,Comoros,comoros,73,percent,,percentage,Section 2. Liberty,b. Worker Rights,rules,"According to the World Bank, the informal sector was estimated to be 73 percent of the total workforce."
2024,Costa Rica,costa-rica,50,percent,at least,percentage,Section 2. Liberty,b. Worker Rights,rules,The labor code stipulated that at least 50 percent of the workers in an enterprise were required to vote to support a strike.
2024,Costa Rica,costa-rica,50,percent,,percentage,Section 2. Liberty,b. Worker Rights,rules,"The law, however, added that even if there was no union at the enterprise or if the union lacked the support of 50 percent of the workforce, a strike could be initiated if 35 percent of the workers voted for a strike by secret ballot."
2024,Costa Rica,costa-rica,35,percent,,percentage,Section 2. Liberty,b. Worker Rights,rules,"The law, however, added that even if there was no union at the enterprise or if the union lacked the support of 50 percent of the workforce, a strike could be initiated if 35 percent of the workers voted for a strike by secret ballot."
2024,Costa Rica,costa-rica,50,percent,,percentage,Section 2. Liberty,b. Worker Rights,rules,The law provided for workers to be paid for overtime work at a rate 50 percent above their stipulated wage or salary.
2024,Costa Rica,costa-rica,38,percent,approximately,percentage,Section 2. Liberty,b. Worker Rights,rules,"Approximately 38 percent of the workforce operated in the informal economy, according to government estimates."
2024,Costa Rica,costa-rica,50,percent,,percentage,Section 2. Liberty,b. Worker Rights,rules,"On May 21, the National Assembly amended the law to reduce by 50 percent the immigration fee foreign workers had to pay to enter and stay in the country."
2024,Cote d’Ivoire,cote-divoire,30,percent,at least,percentage,Section 2. Liberty,b. Worker Rights,rules,Authorities required the union win at least 30 percent of valid ballots cast representing at least 15 percent of registered electors.
2024,Cote d’Ivoire,cote-divoire,15,percent,at least,percentage,Section 2. Liberty,b. Worker Rights,rules,Authorities required the union win at least 30 percent of valid ballots cast representing at least 15 percent of registered electors.
2024,Cote d’Ivoire,cote-divoire,15,percent,at least,percentage,Section 2. Liberty,b. Worker Rights,rules,"For broader organizations, the government required the trade union have the support in one or more enterprises together employing at least 15 percent of the employees working in the occupational and geographical sector concerned."
2024,Cote d’Ivoire,cote-divoire,90,percent,,percentage,Section 2. Liberty,b. Worker Rights,rules,The government and the World Bank estimated 80 to 90 percent of the total labor force worked in the informal economy where labor standards were not enforced.
2024,Cote d’Ivoire,cote-divoire,12056,detainees,,count,Section 2. Liberty,c. Disappearance and Abduction,rules,"The National Human Rights Council reported 12,056 detainees had spent more than 18 months in pretrial detention as of mid-June."
2024,Cote d’Ivoire,cote-divoire,150,persons,fewer than,count,Section 3. Security of the Person,d. Acts of Antisemitism and Antisemitic Incitement,rules,"The country’s Jewish community numbered fewer than 150 persons, including foreign residents and local converts."
2024,Croatia,croatia,8,percent,,percentage,Section 2. Liberty,b. Worker Rights,rules,"During the year, the Croatian Bureau of Statistics assessed the informal economy’s size was between 6-8 percent of GDP during the prior 10 years."
2024,Croatia,croatia,90,percent,more than,percentage,Section 3. Security of the Person,c. Protection to Refugees,rules,NGOs asserted more than 90 percent of applicants left the country before receiving a final decision.
2024,Croatia,croatia,1700,persons,,count,Section 3. Security of the Person,d. Acts of Antisemitism and Antisemitic Incitement,rules,"The World Jewish Congress estimated the country’s Jewish population was 1,700 persons."
2024,Cuba,cuba,56,deaths,,count,Section 1. Life,a. Extrajudicial Killings,rules,In July the nongovernmental organization (NGO) Center for Legal Information Cubalex released a report documenting 56 deaths of persons in detention or under custody of authorities between January 2022 and January 2024.
2024,Cuba,cuba,25,percent,,percentage,Section 2. Liberty,b. Worker Rights,rules,Compensation for overtime was paid either in cash with a 25 percent bonus on top of the regular hourly rate or in equivalent compensatory time off.
2024,Cuba,cuba,684,persons,more than,count,Section 2. Liberty,c. Disappearance and Abduction,rules,Independent media reported during the year authorities arrested more than 684 persons after protests.
2024,Cuba,cuba,1400,persons,more than,count,Section 2. Liberty,c. Disappearance and Abduction,rules,"Justicia 11J estimated 676 of the more than 1,400 persons arrested in the July 2021 protests remained in detention as of March."
2024,Cuba,cuba,10,protesters,more than,count,Section 2. Liberty,c. Disappearance and Abduction,rules,"As of October, the government still held in preventive custody more than 10 protesters from the protests in Santiago de Cuba in March, although authorities had not initiated criminal investigations."
2024,Cyprus,cyprus,6,percent,approximately,percentage,Section 2. Liberty,b. Worker Rights,rules,"According to the most recent data, in 2023, the informal sector in the ROC comprised approximately 6 percent of the workforce, including irregular migrant workers."
2024,Cyprus,cyprus,45,percent,,percentage,Section 2. Liberty,b. Worker Rights,rules,Economists estimated the size of the informal sector was 30-45 percent.
2024,Cyprus,cyprus,15000,persons,approximately,count,Section 3. Security of the Person,d. Acts of Antisemitism and Antisemitic Incitement,rules,"There were approximately 15,000 persons in the ROC’s Jewish community, which consisted of a small number of native Jewish Cypriots and a greater number of expatriate Jews, primarily from Israel, the United Kingdom, and Russia."
2024,Czech Republic,czech-republic,656,cases,,count,Section 1. Life,b. Coercion in Population Control,rules,"It awarded compensation in 656 cases, rejected 496, and stopped processing 229."
2024,Czech Republic,czech-republic,22,persons,,count,Section 2. Liberty,a. Freedom of the Press,rules,"In 2023, courts convicted 22 persons of expressing sympathies for movements seeking to suppress human rights and freedoms; 11 for defaming a nation, ethnic group, race, or religion; nine for denying, questioning, approving, or justifying genocide; six for instigating hatred toward a group of persons or suppression of their rights and freedoms; and two for establishing, supporting, and promoting movements aiming to suppress human rights and freedoms."
2024,Czech Republic,czech-republic,125,percent,at least,percentage,Section 2. Liberty,b. Worker Rights,rules,The labor code required premium pay for overtime equal to at least 125 percent of average earnings.
2024,Czech Republic,czech-republic,14,percent,approximately,percentage,Section 2. Liberty,b. Worker Rights,rules,"Kearney, Friedrich Schneider at Johannes Kepler University, together with VISA Europe, the informal economy accounted for approximately 14 percent of the country’s GDP."
2024,Czech Republic,czech-republic,90,percent,,percentage,Section 3. Security of the Person,d. Acts of Antisemitism and Antisemitic Incitement,rules,"According to the 2024 FJC annual report on antisemitism, 4,304 antisemitic incidents occurred in 2023, an increase of 90 percent over the 2,265 incidents in 2022, and 282 percent over the 1,128 incidents in 2021."
2024,Czech Republic,czech-republic,282,percent,,percentage,Section 3. Security of the Person,d. Acts of Antisemitism and Antisemitic Incitement,rules,"According to the 2024 FJC annual report on antisemitism, 4,304 antisemitic incidents occurred in 2023, an increase of 90 percent over the 2,265 incidents in 2022, and 282 percent over the 1,128 incidents in 2021."
2024,Czech Republic,czech-republic,2265,incidents,,count,Section 3. Security of the Person,d. Acts of Antisemitism and Antisemitic Incitement,rules,"According to the 2024 FJC annual report on antisemitism, 4,304 antisemitic incidents occurred in 2023, an increase of 90 percent over the 2,265 incidents in 2022, and 282 percent over the 1,128 incidents in 2021."
2024,Czech Republic,czech-republic,1128,incidents,,count,Section 3. Security of the Person,d. Acts of Antisemitism and Antisemitic Incitement,rules,"According to the 2024 FJC annual report on antisemitism, 4,304 antisemitic incidents occurred in 2023, an increase of 90 percent over the 2,265 incidents in 2022, and 282 percent over the 1,128 incidents in 2021."
2024,Czech Republic,czech-republic,99.6,percent,,percentage,Section 3. Security of the Person,d. Acts of Antisemitism and Antisemitic Incitement,rules,"The largest increase was in online antisemitic hate speech, which accounted for 99.6 percent of the incidents."
2024,Democratic Republic of the Congo,democratic-republic-of-the-congo,30,incidents,more than,count,Section 1. Life,a. Extrajudicial Killings,rules,"For example, the UN Group of Experts reported that between January and March more than 30 incidents of explosive weapons used by RDF and M23 and the FARDC caused civilian casualties."
2024,Democratic Republic of the Congo,democratic-republic-of-the-congo,90,percent,more than,percentage,Section 1. Life,"c. War Crimes, Crimes against Humanity, and Evidence of Acts that May Constitute Genocide, or Conflict-Related",rules,Conflict-affected provinces accounted for more than 90 percent of all abuses reported throughout the country.
2024,Democratic Republic of the Congo,democratic-republic-of-the-congo,56,percent,approximately,percentage,Section 1. Life,"c. War Crimes, Crimes against Humanity, and Evidence of Acts that May Constitute Genocide, or Conflict-Related",rules,"Armed groups committed approximately 56 percent of documented cases of human rights abuses in conflict-affected provinces in the first half of the year, according to the UNJHRO."
2024,Democratic Republic of the Congo,democratic-republic-of-the-congo,21,journalists,,count,Section 2. Liberty,a. Freedom of the Press,rules,"For example, in February in Mbandaka, Equateur Province, the PNC detained 21 journalists during a demonstration against the attack on the provincial director of the state-owned media network, RTNC, a few days earlier by the provincial governor’s bodyguards."
2024,Democratic Republic of the Congo,democratic-republic-of-the-congo,42,percent,,percentage,Section 2. Liberty,b. Worker Rights,rules,"Due to significant inflation, buying power declined by almost half (42 percent decrease) since 2020, leaving the value at CDF 7,075 ($2.54)."
2024,Democratic Republic of the Congo,democratic-republic-of-the-congo,97,percent,more than,percentage,Section 2. Liberty,b. Worker Rights,rules,"The country’s trade union confederation estimated that the informal economy employed more than 97 percent of all workers, who worked in subsistence agriculture, informal commerce or mining, or other informal pursuits, where they often faced hazardous or exploitative working conditions."
2024,Democratic Republic of the Congo,democratic-republic-of-the-congo,387,children,,count,Section 2. Liberty,c. Disappearance and Abduction,rules,"The UNJHRO reported that from January through June, a total of 387 children were abducted from the eastern provinces of Ituri, North Kivu, South Kivu, and Tanganyika."
2024,Democratic Republic of the Congo,democratic-republic-of-the-congo,146,cases,,count,Section 3. Security of the Person,"a. Torture and Cruel, Inhuman, or Degrading Treatment or Punishment",rules,"From January through June, the UNJHRO documented 146 cases of sexual violence affecting 166 adult women."
2024,Democratic Republic of the Congo,democratic-republic-of-the-congo,29,percent,at least,percentage,Section 3. Security of the Person,b. Protection of Children,rules,"The UNJHRO documented that at least 125 children were victims of various types of sexual violence in the first half of the year, with at least 29 percent of these assaults attributable to state agents, primarily the FARDC, PNC, and ANR."
2024,Democratic Republic of the Congo,democratic-republic-of-the-congo,125,children,at least,count,Section 3. Security of the Person,b. Protection of Children,rules,"The UNJHRO documented that at least 125 children were victims of various types of sexual violence in the first half of the year, with at least 29 percent of these assaults attributable to state agents, primarily the FARDC, PNC, and ANR."
2024,Democratic Republic of the Congo,democratic-republic-of-the-congo,47,percent,,percentage,Section 3. Security of the Person,b. Protection of Children,rules,Almost half of the conflict-related sexual violence documented took place in North Kivu (47 percent).
2024,Democratic Republic of the Congo,democratic-republic-of-the-congo,500,children,more than,count,Section 3. Security of the Person,b. Protection of Children,rules,"According to the UN Secretary-General’s annual report on children and armed conflict, the United Nations verified cases of more than 500 children used in combat."
2024,Democratic Republic of the Congo,democratic-republic-of-the-congo,223236,refugees,,count,Section 3. Security of the Person,c. Protection to Refugees,rules,"According to UNHCR, as of July 31, the government had biometrically registered 223,236 refugees and asylum seekers."
2024,Democratic Republic of the Congo,democratic-republic-of-the-congo,7907,persons,,count,Section 3. Security of the Person,c. Protection to Refugees,rules,"Resettlement UNHCR worked with the government to voluntarily repatriate 7,907 persons between January and July 31, including 622 Rwandan refugees, 54 Burundian refugees, and 7,231 refugees from the Central African Republic."
2024,Democratic Republic of the Congo,democratic-republic-of-the-congo,7231,refugees,,count,Section 3. Security of the Person,c. Protection to Refugees,rules,"Resettlement UNHCR worked with the government to voluntarily repatriate 7,907 persons between January and July 31, including 622 Rwandan refugees, 54 Burundian refugees, and 7,231 refugees from the Central African Republic."
2024,Denmark,denmark,15.2,percent,,percentage,Section 2. Liberty,b. Worker Rights,rules,"The government enforced labor laws in the informal sector, which was estimated at 15.2 percent of the economy."
2024,Djibouti,djibouti,45,percent,approximately,percentage,Section 2. Liberty,b. Worker Rights,rules,International organizations estimated the size of the informal sector was approximately 45 percent of the economically active population.
2024,Djibouti,djibouti,94,percent,,percentage,Section 3. Security of the Person,"a. Torture and Cruel, Inhuman, or Degrading Treatment or Punishment",rules,"A 2019 study from the Ministry of Women showed a significant decrease of the FGM/C prevalence rate for girls from birth through age 10, from 94 percent in 1994 to 21.2 percent in 2019."
2024,Djibouti,djibouti,21.2,percent,,percentage,Section 3. Security of the Person,"a. Torture and Cruel, Inhuman, or Degrading Treatment or Punishment",rules,"A 2019 study from the Ministry of Women showed a significant decrease of the FGM/C prevalence rate for girls from birth through age 10, from 94 percent in 1994 to 21.2 percent in 2019."
2024,Djibouti,djibouti,30,persons,fewer than,count,Section 3. Security of the Person,d. Acts of Antisemitism and Antisemitic Incitement,rules,"Observers estimated the Jewish community at fewer than 30 persons, the majority of whom were foreign military members stationed in the country."
2024,Dominican Republic,dominican-republic,87,persons,,count,Section 1. Life,a. Extrajudicial Killings,rules,The National Human Rights Commission reported members of the National Police killed 87 persons between January and October.
2024,Dominican Republic,dominican-republic,51,percent,,percentage,Section 2. Liberty,b. Worker Rights,rules,"For example, the law restricted collective bargaining rights to unions that represented a minimum of 51 percent of the workers in an enterprise."
2024,Dominican Republic,dominican-republic,40,percent,,percentage,Section 2. Liberty,b. Worker Rights,rules,Public-sector workers could form associations registered through the Office of Public Administration if 40 percent of employees of a government entity agreed to join.
2024,Dominican Republic,dominican-republic,15,workers,approximately,count,Section 2. Liberty,b. Worker Rights,rules,"According to media and civil society reports, after workers refused to work and locked themselves inside their company-owned living complex, state security forces forcefully entered the complex and used guns equipped with pellets or rubber bullets to injure approximately 15 workers."
2024,Dominican Republic,dominican-republic,90,percent,more than,percentage,Section 3. Security of the Person,c. Protection to Refugees,rules,"Rejection rates for asylum claims were more than 90 percent, and asylum applications often remained pending for months or even years."
2024,Dominican Republic,dominican-republic,350,persons,approximately,count,Section 3. Security of the Person,d. Acts of Antisemitism and Antisemitic Incitement,rules,The Jewish community comprised approximately 350 persons.
2024,Ecuador,ecuador,15,individuals,,count,Section 1. Life,a. Extrajudicial Killings,rules,"President Noboa’s January 9 decree of a state of emergency characterized 22 transnational criminal groups as “terrorists” and authorized security operations targeting these groups, during which 15 individuals were killed."
2024,Ecuador,ecuador,10,incidents,at least,count,Section 1. Life,a. Extrajudicial Killings,rules,Media reported seven deaths among local officials in at least 10 incidents involving the killing or attempted killing of political leaders and elected officials.
2024,Ecuador,ecuador,30,workers,,count,Section 2. Liberty,b. Worker Rights,rules,"The law required a minimum of 30 workers for the creation of an association or labor union, regardless of the total number of employees in the workplace."
2024,Ecuador,ecuador,50,percent,,percentage,Section 2. Liberty,b. Worker Rights,rules,"To form a work committee, the law required the participation of 50 percent of a company’s employees."
2024,Ecuador,ecuador,50,percent,,percentage,Section 2. Liberty,b. Worker Rights,rules,Only labor unions that represented 50 percent of a company’s employees could sign a collective bargaining agreement.
2024,Ecuador,ecuador,50,percent,at least,percentage,Section 2. Liberty,b. Worker Rights,rules,Unions with at least 50 percent of a company’s total workers could take labor complaints to a tripartite arbitration board established to hear their complaints.
2024,Ecuador,ecuador,20,percent,at least,percentage,Section 2. Liberty,b. Worker Rights,rules,"During this time, workers and employers had to agree on how many workers were needed to ensure a minimum level of service; at least 20 percent of the workforce had to continue to work to provide essential services."
2024,Ecuador,ecuador,150,percent,,percentage,Section 2. Liberty,b. Worker Rights,rules,"The labor code stipulated workers should be paid at 150 percent for each hour of overtime while working on the weekend; between midnight to 6 a.m., workers should be paid at 200 percent of the hourly salary in overtime."
2024,Ecuador,ecuador,200,percent,,percentage,Section 2. Liberty,b. Worker Rights,rules,"The labor code stipulated workers should be paid at 150 percent for each hour of overtime while working on the weekend; between midnight to 6 a.m., workers should be paid at 200 percent of the hourly salary in overtime."
2024,Ecuador,ecuador,45,percent,,percentage,Section 2. Liberty,b. Worker Rights,rules,"The law permitted employers to reduce working hours and salaries by up to 50 and 45 percent, respectively, by signing “emergency contracts” with their employees to prevent job losses."
2024,Ecuador,ecuador,53.5,percent,,percentage,Section 2. Liberty,b. Worker Rights,rules,The informal sector employed 53.5 percent of the working population as of June.
2024,Ecuador,ecuador,30000,girls,an estimated,count,Section 3. Security of the Person,b. Protection of Children,rules,"According to a 2023 study by the Gender Roundtable of International Cooperation, Plan International, UN Population Fund, and UNICEF, an estimated 30,000 girls and adolescents were in early unions in the country."
2024,Ecuador,ecuador,450,individuals,an estimated,count,Section 3. Security of the Person,d. Acts of Antisemitism and Antisemitic Incitement,rules,"There was a small Jewish community, including an estimated 450 individuals in Quito, 50 individuals in Guayaquil, and an unspecified number of individuals elsewhere in the country."
2024,Ecuador,ecuador,50,individuals,,count,Section 3. Security of the Person,d. Acts of Antisemitism and Antisemitic Incitement,rules,"There was a small Jewish community, including an estimated 450 individuals in Quito, 50 individuals in Guayaquil, and an unspecified number of individuals elsewhere in the country."
2024,Egypt,egypt,23,journalists,,count,Section 2. Liberty,a. Freedom of the Press,rules,"In November, the head of the Journalists’ Syndicate, Khaled al-Balshy, called on the government to release all 23 journalists then imprisoned or detained for their reporting."
2024,Egypt,egypt,40,percent,approximately,percentage,Section 2. Liberty,b. Worker Rights,rules,"The Ministry of Labor did not enforce labor standards in the informal sector, which employed approximately 40 percent of workers."
2024,Egypt,egypt,75,percent,,percentage,Section 2. Liberty,b. Worker Rights,rules,"In July, a labor advocacy group, citing CAPMAS statistics, found 75 percent of individuals ages 15 to 29 worked in the informal or semiformal sectors, which lacked unemployment, health care, or retirement benefits."
2024,Egypt,egypt,4600,cases,more than,count,Section 2. Liberty,c. Disappearance and Abduction,rules,"A local campaign against enforced disappearance reported in September more than 4,600 cases took place since 2015, and more than 400 in the 12 months ending in August, for periods ranging from several days to over a year."
2024,Egypt,egypt,99,percent,more than,percentage,Section 2. Liberty,c. Disappearance and Abduction,rules,"In January, a rights group issued a report on pretrial detention renewals in terrorism circuit courts showing detentions were renewed in more than 99 percent of the approximately 36,000 hearings during 2023."
2024,Egypt,egypt,900,individuals,nearly,count,Section 2. Liberty,c. Disappearance and Abduction,rules,"In January, local rights groups criticized the continued detention of nearly 900 individuals detained for exercising their fundamental freedoms at Badr Prison’s terrorism circuit court, alleging the court’s postponement of detainees’ renewal hearings without providing justification or hearing defense arguments fell short of minimum fair trial guarantees."
2024,Egypt,egypt,1217,incidents,,count,Section 3. Security of the Person,"a. Torture and Cruel, Inhuman, or Degrading Treatment or Punishment",rules,"In December, the government reported investigations into complaints of torture and use of cruelty resulted in disciplinary measures against employees of the Interior Ministry, including police officers, involved in 1,217 incidents between November 2019 and July 2024."
2024,Egypt,egypt,21,percent,,percentage,Section 3. Security of the Person,"a. Torture and Cruel, Inhuman, or Degrading Treatment or Punishment",rules,"According to the Central Agency for Public Mobilization and Statistics, the most recent data showed a drop in the rate of FGM/C among girls and young women ages 0-19 from 21 percent to 14 percent between 2014 and 2021."
2024,Egypt,egypt,14,percent,,percentage,Section 3. Security of the Person,"a. Torture and Cruel, Inhuman, or Degrading Treatment or Punishment",rules,"According to the Central Agency for Public Mobilization and Statistics, the most recent data showed a drop in the rate of FGM/C among girls and young women ages 0-19 from 21 percent to 14 percent between 2014 and 2021."
2024,Egypt,egypt,92,percent,,percentage,Section 3. Security of the Person,"a. Torture and Cruel, Inhuman, or Degrading Treatment or Punishment",rules,The overall rate for women of all ages dropped from 92 percent to 86 percent.
2024,Egypt,egypt,86,percent,,percentage,Section 3. Security of the Person,"a. Torture and Cruel, Inhuman, or Degrading Treatment or Punishment",rules,The overall rate for women of all ages dropped from 92 percent to 86 percent.
2024,Egypt,egypt,2.1,percent,,percentage,Section 3. Security of the Person,b. Protection of Children,rules,Central Agency for Public Mobilization and Statistics (CAPMAS) data published in 2023 showed the rate of marriage for girls ages 15-17 dropped to 2.1 percent in 2021.
2024,Egypt,egypt,700,percent,more than,percentage,Section 3. Security of the Person,c. Protection to Refugees,rules,UNHCR reported an increase during the year of more than 700 percent in the number of registered Sudanese refugees and asylum seekers since April 2023.
2024,Egypt,egypt,69,percent,approximately,percentage,Section 3. Security of the Person,c. Protection to Refugees,rules,Sudanese represented approximately 69 percent of the registered refugee population in the country.
2024,Egypt,egypt,10,individuals,,count,Section 3. Security of the Person,d. Acts of Antisemitism and Antisemitic Incitement,rules,The country’s Jewish community reportedly numbered as few as 10 individuals split between Cairo and Alexandria.
2024,Egypt,egypt,80,percent,more than,percentage,Section 3. Security of the Person,d. Acts of Antisemitism and Antisemitic Incitement,rules,"In December, a report from the Institute for Monitoring Peace and Cultural Tolerance in School Education (IMPACT-SE) assessed that more than 80 percent of the country’s elementary students were using revised textbooks with a curriculum focused on promoting peace and rejecting extremism."
2024,El Salvador,el-salvador,115,deaths,,count,Section 1. Life,a. Extrajudicial Killings,rules,"On July 8, the minister of justice and public security stated there had been 115 deaths in prison since the state of exception began in March 2022."
2024,El Salvador,el-salvador,51,percent,fewer than,percentage,Section 2. Liberty,b. Worker Rights,rules,"Unions representing fewer than 51 percent of the workers in an enterprise did not have the right to bargain, even on behalf of their own members."
2024,El Salvador,el-salvador,30,percent,,percentage,Section 2. Liberty,b. Worker Rights,rules,The law required 30 percent of all workers in an enterprise support a strike for it to be legal and that 51 percent support the strike before all workers were bound by the decision to strike.
2024,El Salvador,el-salvador,51,percent,,percentage,Section 2. Liberty,b. Worker Rights,rules,The law required 30 percent of all workers in an enterprise support a strike for it to be legal and that 51 percent support the strike before all workers were bound by the decision to strike.
2024,El Salvador,el-salvador,75,percent,,percentage,Section 2. Liberty,b. Worker Rights,rules,The informal sector represented almost 75 percent of the economy.
2024,El Salvador,el-salvador,47,complaints,,count,Section 3. Security of the Person,"a. Torture and Cruel, Inhuman, or Degrading Treatment or Punishment",rules,"As of August 16, the PNC registered two complaints of torture, 47 complaints of “violated bodily integrity,” 53 complaints of mistreatment, 34 complaints of physical abuse, and three complaints of assault and discrimination committed by police officers."
2024,El Salvador,el-salvador,53,complaints,,count,Section 3. Security of the Person,"a. Torture and Cruel, Inhuman, or Degrading Treatment or Punishment",rules,"As of August 16, the PNC registered two complaints of torture, 47 complaints of “violated bodily integrity,” 53 complaints of mistreatment, 34 complaints of physical abuse, and three complaints of assault and discrimination committed by police officers."
2024,El Salvador,el-salvador,34,complaints,,count,Section 3. Security of the Person,"a. Torture and Cruel, Inhuman, or Degrading Treatment or Punishment",rules,"As of August 16, the PNC registered two complaints of torture, 47 complaints of “violated bodily integrity,” 53 complaints of mistreatment, 34 complaints of physical abuse, and three complaints of assault and discrimination committed by police officers."
2024,El Salvador,el-salvador,171,complaints,,count,Section 3. Security of the Person,"a. Torture and Cruel, Inhuman, or Degrading Treatment or Punishment",rules,"The PNC referred 171 complaints to the Attorney General’s Office, disciplined 14 police officers, and dismissed 12 police officers."
2024,El Salvador,el-salvador,23,complaints,,count,Section 3. Security of the Person,"a. Torture and Cruel, Inhuman, or Degrading Treatment or Punishment",rules,"As of August 16, the PNC registered 23 complaints of sexual abuse, 19 complaints of violence against women, and four complaints of abuse of children allegedly committed by police."
2024,El Salvador,el-salvador,19,complaints,,count,Section 3. Security of the Person,"a. Torture and Cruel, Inhuman, or Degrading Treatment or Punishment",rules,"As of August 16, the PNC registered 23 complaints of sexual abuse, 19 complaints of violence against women, and four complaints of abuse of children allegedly committed by police."
2024,El Salvador,el-salvador,66,cases,,count,Section 3. Security of the Person,"a. Torture and Cruel, Inhuman, or Degrading Treatment or Punishment",rules,"In June, the government reported the Office of the Inspector General of Public Security was investigating 66 cases of alleged rights violations perpetrated by public security forces during the state of exception, including three violations of the right to life, 11 violations of personal liberty, and nine violations of personal security."
2024,El Salvador,el-salvador,19,investigations,,count,Section 3. Security of the Person,"a. Torture and Cruel, Inhuman, or Degrading Treatment or Punishment",rules,The same report noted the Office of the Attorney General initiated 19 investigations into alleged abuses of force during the state of exception.
2024,El Salvador,el-salvador,300,persons,,count,Section 3. Security of the Person,d. Acts of Antisemitism and Antisemitic Incitement,rules,The Jewish community totaled between 100 and 300 persons.
2024,Equatorial Guinea,equatorial-guinea,32,percent,,percentage,Section 2. Liberty,b. Worker Rights,rules,The informal sector employed most workers and was estimated at 32 percent of GDP in 2017.
2024,Equatorial Guinea,equatorial-guinea,100,persons,fewer than,count,Section 3. Security of the Person,d. Acts of Antisemitism and Antisemitic Incitement,rules,"The Jewish community was small, likely fewer than 100 persons."
2024,Eritrea,eritrea,16,journalists,,count,Section 2. Liberty,a. Freedom of the Press,rules,"Physical Attacks, Imprisonment, and Pressure The NGO Committee to Protect Journalists reported 16 journalists remained in detention and incommunicado with no information on their location or health since 2001."
2024,Eritrea,eritrea,80,percent,approximately,percentage,Section 2. Liberty,b. Worker Rights,rules,Approximately 80 percent of the population worked in the informal sector.
2024,Estonia,estonia,4,percent,,percentage,Section 2. Liberty,b. Worker Rights,rules,Tax and Customs Board research reported 4 percent of wage payments during the year were informal.
2024,Eswatini,eswatini,50,percent,,percentage,Section 2. Liberty,b. Worker Rights,rules,The law gave employers discretion as to whether to recognize a labor organization as a collective employee representative if less than 50 percent of the employees were members of the organization.
2024,Eswatini,eswatini,67.5,percent,,percentage,Section 2. Liberty,b. Worker Rights,rules,"A large proportion of workers, 67.5 percent, were employed in the informal economy, according to ILO research."
2024,Eswatini,eswatini,15,inmates,,count,Section 3. Security of the Person,"a. Torture and Cruel, Inhuman, or Degrading Treatment or Punishment",rules,"Mabuza further claimed in a sworn affidavit filed July 20 with the High Court that, upon confronting officials with his fear of being killed, they recruited 15 inmates to beat him."
2024,Eswatini,eswatini,24,case,,count,Section 3. Security of the Person,b. Protection of Children,rules,"In a high-profile August 24 case, the Department of Social Welfare removed a girl, age 13, from her marriage to a much older man; her parents had sold the girl for less than 550 lilangeni ($30)."
2024,Ethiopia,ethiopia,50,individuals,more than,count,Section 1. Life,"c. War Crimes, Crimes against Humanity, and Evidence of Acts that May Constitute Genocide, or Conflict-Related",rules,"The report corroborated eyewitness accounts with satellite imagery to conclude ENDF soldiers rounded up residents from their homes, shops, and the streets, and summarily executed more than 50 individuals."
2024,Ethiopia,ethiopia,70,percent,,percentage,Section 1. Life,"c. War Crimes, Crimes against Humanity, and Evidence of Acts that May Constitute Genocide, or Conflict-Related",rules,"The OHCHR recorded 594 incidents of human rights abuses affecting 8,253 victims, with government actors responsible for 70 percent of the abuses."
2024,Ethiopia,ethiopia,594,incidents,,count,Section 1. Life,"c. War Crimes, Crimes against Humanity, and Evidence of Acts that May Constitute Genocide, or Conflict-Related",rules,"The OHCHR recorded 594 incidents of human rights abuses affecting 8,253 victims, with government actors responsible for 70 percent of the abuses."
2024,Ethiopia,ethiopia,8253,victims,,count,Section 1. Life,"c. War Crimes, Crimes against Humanity, and Evidence of Acts that May Constitute Genocide, or Conflict-Related",rules,"The OHCHR recorded 594 incidents of human rights abuses affecting 8,253 victims, with government actors responsible for 70 percent of the abuses."
2024,Ethiopia,ethiopia,60,percent,,percentage,Section 1. Life,"c. War Crimes, Crimes against Humanity, and Evidence of Acts that May Constitute Genocide, or Conflict-Related",rules,"The Tigray Bureau of Health reported 60 percent of households were experiencing moderate or severe hunger, a rate even higher than during the 2020-2022 war."
2024,Ethiopia,ethiopia,70,percent,more than,percentage,Section 2. Liberty,b. Worker Rights,rules,The World Bank and the National Employment Policy and Strategy of Ethiopia reported the informal sector included more than 70 percent of urban workers.
2024,Ethiopia,ethiopia,167,victims,,count,Section 2. Liberty,c. Disappearance and Abduction,rules,"On July 9, despite a government statement claiming 160 of the 167 victims had been released, families disputed this assertion, stating many students were still in the kidnappers’ hands."
2024,Ethiopia,ethiopia,18.6,percent,,percentage,Section 3. Security of the Person,"a. Torture and Cruel, Inhuman, or Degrading Treatment or Punishment",rules,"Association chairperson Abeba Hailesilassie told VOA, “sexual violence has continued in some areas of Tigray under occupation.” According to research by authors from the Amhara Public Health Institute and Bahir Dar University, published in 2021, the prevalence of FGM/C among girls from birth to age 14 was 18.6 percent, representing a decline from 24 percent reported in the Ethiopia Demographic and Health Survey conducted in 2005."
2024,Ethiopia,ethiopia,24,percent,,percentage,Section 3. Security of the Person,"a. Torture and Cruel, Inhuman, or Degrading Treatment or Punishment",rules,"Association chairperson Abeba Hailesilassie told VOA, “sexual violence has continued in some areas of Tigray under occupation.” According to research by authors from the Amhara Public Health Institute and Bahir Dar University, published in 2021, the prevalence of FGM/C among girls from birth to age 14 was 18.6 percent, representing a decline from 24 percent reported in the Ethiopia Demographic and Health Survey conducted in 2005."
2024,Ethiopia,ethiopia,16,percent,,percentage,Section 3. Security of the Person,"a. Torture and Cruel, Inhuman, or Degrading Treatment or Punishment",rules,"The research also indicated FGM/C was still widely practiced across communities (16 percent among girls younger than age 14, and 65 percent among girls and women ages 15 to 49)."
2024,Ethiopia,ethiopia,65,percent,,percentage,Section 3. Security of the Person,"a. Torture and Cruel, Inhuman, or Degrading Treatment or Punishment",rules,"The research also indicated FGM/C was still widely practiced across communities (16 percent among girls younger than age 14, and 65 percent among girls and women ages 15 to 49)."
2024,Ethiopia,ethiopia,40,percent,,percentage,Section 3. Security of the Person,b. Protection of Children,rules,"According to 2016 UNICEF data, 40 percent of women between ages 20 and 24 were married before age 18, and 14 percent were married before age 15."
2024,Ethiopia,ethiopia,14,percent,,percentage,Section 3. Security of the Person,b. Protection of Children,rules,"According to 2016 UNICEF data, 40 percent of women between ages 20 and 24 were married before age 18, and 14 percent were married before age 15."
2024,Ethiopia,ethiopia,3000,refugees,nearly,count,Section 3. Security of the Person,c. Protection to Refugees,rules,"According to a joint statement by the government’s Refugees and Returnees Service and UNHCR , nearly 3,000 refugees were transported to Aftit, with several hundred more moving on their own."
2024,Ethiopia,ethiopia,1000,persons,approximately,count,Section 3. Security of the Person,c. Protection to Refugees,rules,"While UNHCR reported approximately 1,000 persons left the camps, refugees claimed at least 7,000 fled, with approximately 3,000 remaining in the forest."
2024,Ethiopia,ethiopia,10000,persons,approximately,count,Section 3. Security of the Person,d. Acts of Antisemitism and Antisemitic Incitement,rules,"The Jewish community numbered approximately 10,000 persons."
2024,Fiji,fiji,50,percent,,percentage,Section 2. Liberty,b. Worker Rights,rules,A strike could commence if the registrar supervised a secret ballot in which 50 percent of all eligible members approved the strike.
2024,Fiji,fiji,66,percent,more than,percentage,Section 2. Liberty,b. Worker Rights,rules,"In 2019, the most recent estimate available, more than 66 percent of the workforce was employed in the informal sector, including many workers on the tourism, aviation, and transport sectors."
2024,Fiji,fiji,24,percent,,percentage,Section 2. Liberty,c. Disappearance and Abduction,rules,"Pretrial detainees comprised 24 percent of the prison population, a result of courts frequently refusing bail and ongoing resource shortages, including a lack of prosecutors and judges."
2024,Finland,finland,15,percent,,percentage,Section 2. Liberty,b. Worker Rights,rules,Estimates of the size of the informal economy ranged from 10 to 15 percent of GDP.
2024,Finland,finland,500,refugees,,count,Section 3. Security of the Person,c. Protection to Refugees,rules,"Resettlement According to the Immigration Service, the government accepted a quota of 500 refugees for resettlement during the year."
2024,Finland,finland,83,percent,,percentage,Section 3. Security of the Person,d. Acts of Antisemitism and Antisemitic Incitement,rules,The study found 83 percent of respondents believed antisemitism had increased in the country over the previous five years.
2024,Finland,finland,88,percent,,percentage,Section 3. Security of the Person,d. Acts of Antisemitism and Antisemitic Incitement,rules,"Of survey respondents, 88 percent felt they had been held responsible for Israel’s actions in Gaza, which they believed had an impact on their safety."
2024,Finland,finland,38,percent,,percentage,Section 3. Security of the Person,d. Acts of Antisemitism and Antisemitic Incitement,rules,"While 38 percent of respondents reported having experienced antisemitic harassment directly within the last five years, only 8 percent reported any incidents to authorities."
2024,Finland,finland,8,percent,,percentage,Section 3. Security of the Person,d. Acts of Antisemitism and Antisemitic Incitement,rules,"While 38 percent of respondents reported having experienced antisemitic harassment directly within the last five years, only 8 percent reported any incidents to authorities."
2024,Finland,finland,89,percent,,percentage,Section 3. Security of the Person,d. Acts of Antisemitism and Antisemitic Incitement,rules,"The number of respondents who reported they had encountered antisemitism online increased from 82 to 89 percent following Hamas’ October 7, 2023, attacks."
2024,France,france,13,percent,an estimated,percentage,Section 2. Liberty,b. Worker Rights,rules,"According to the Quarterly Informal Economy Survey, the informal economy comprised an estimated 13 percent of national GDP, representing $452 billion."
2024,France,france,25.7,percent,,percentage,Section 2. Liberty,c. Disappearance and Abduction,rules,"As of August, pretrial detainees made up 25.7 percent of the prison population."
2024,France,france,51,percent,,percentage,Section 3. Security of the Person,"a. Torture and Cruel, Inhuman, or Degrading Treatment or Punishment",rules,"More than half (51 percent) of the 1,015 investigations in 2023 pertained to “willful violence” by officers."
2024,France,france,1015,investigations,,count,Section 3. Security of the Person,"a. Torture and Cruel, Inhuman, or Degrading Treatment or Punishment",rules,"More than half (51 percent) of the 1,015 investigations in 2023 pertained to “willful violence” by officers."
2024,France,france,15,percent,,percentage,Section 3. Security of the Person,b. Protection of Children,rules,"The 2023 INSEE Labor Force Survey indicated there was a 15 percent reduction in child labor violations compared to the previous year, attributed to enhanced enforcement and awareness campaigns."
2024,France,france,61,percent,,percentage,Section 3. Security of the Person,c. Protection to Refugees,rules,"On June 20, the nongovernmental organization (NGO) Forum-Refugies published a report stressing that a growing proportion of asylum seekers were deprived of any material assistance, while only 61 percent of those who did receive assistance were housed in an accommodation in a reception center for asylum seekers or other similar facility."
2024,France,france,1000,percent,,percentage,Section 3. Security of the Person,d. Acts of Antisemitism and Antisemitic Incitement,rules,"The council’s report indicated antisemitic acts increased by 1,000 percent since the October 7, 2023, Hamas attacks against Israel, with 1,242 acts reported between October and December 2023, equaling those of the prior three years combined."
2024,France,france,60,percent,nearly,percentage,Section 3. Security of the Person,d. Acts of Antisemitism and Antisemitic Incitement,rules,"Nearly 60 percent of the incidents involved physical violence, threats, or menacing gestures."
2024,France,france,1200,percent,,percentage,Section 3. Security of the Person,d. Acts of Antisemitism and Antisemitic Incitement,rules,"Antisemitic acts also increased by 1,200 percent in “the school environment.” According to official figures released on October 7 by the Ministry of Interior, 887 antisemitic acts were reported during the first six months of the year, representing a 192 percent increase compared with the same period in 2023."
2024,France,france,192,percent,,percentage,Section 3. Security of the Person,d. Acts of Antisemitism and Antisemitic Incitement,rules,"Antisemitic acts also increased by 1,200 percent in “the school environment.” According to official figures released on October 7 by the Ministry of Interior, 887 antisemitic acts were reported during the first six months of the year, representing a 192 percent increase compared with the same period in 2023."
2024,Georgia,georgia,20,percent,at least,percentage,Section 2. Liberty,a. Freedom of the Press,rules,"The Foreign Influence law (FIL), which was enacted on May 28, required civil society organizations (CSOs) and media that received at least 20 percent of their funding from abroad to register as “objects of foreign influence.” Restrictions on access to information also continued to be a concern."
2024,Georgia,georgia,15,cases,,count,Section 2. Liberty,a. Freedom of the Press,rules,The media ombudsman identified 15 cases of rights violations and restrictions involving 15 journalists covering protests against the FIL in front of and surrounding parliament in April and May.
2024,Georgia,georgia,15,journalists,,count,Section 2. Liberty,a. Freedom of the Press,rules,The media ombudsman identified 15 cases of rights violations and restrictions involving 15 journalists covering protests against the FIL in front of and surrounding parliament in April and May.
2024,Georgia,georgia,125,percent,,percentage,Section 2. Liberty,b. Worker Rights,rules,"There was no explicit rate for overtime; the law stated overtime “be reimbursed at an increased rate of the normal hourly wage…defined by agreement between the parties.” A 2021 court ruling, however, found in one case that a 125 percent rate qualified as meaningful overtime pay."
2024,Georgia,georgia,27,percent,,percentage,Section 2. Liberty,b. Worker Rights,rules,"According to National Statistics Service data from 2021, the share of informally employed persons in the nonagricultural sector in the labor force was 27 percent."
2024,Georgia,georgia,100,percent,,percentage,Section 2. Liberty,b. Worker Rights,rules,"The GTUC stated that the highest levels of informality, except agriculture, were in the following sectors: domestic workers (100 percent), construction (72.4 percent), accommodation and food service activities (50.3 percent), industry (41.5 percent), administrative and support service activities (38.5 percent), transportation and storage (38.5 percent), and wholesale and retail trade and repair of motor vehicles (35.9 percent)."
2024,Georgia,georgia,72.4,percent,,percentage,Section 2. Liberty,b. Worker Rights,rules,"The GTUC stated that the highest levels of informality, except agriculture, were in the following sectors: domestic workers (100 percent), construction (72.4 percent), accommodation and food service activities (50.3 percent), industry (41.5 percent), administrative and support service activities (38.5 percent), transportation and storage (38.5 percent), and wholesale and retail trade and repair of motor vehicles (35.9 percent)."
2024,Georgia,georgia,50.3,percent,,percentage,Section 2. Liberty,b. Worker Rights,rules,"The GTUC stated that the highest levels of informality, except agriculture, were in the following sectors: domestic workers (100 percent), construction (72.4 percent), accommodation and food service activities (50.3 percent), industry (41.5 percent), administrative and support service activities (38.5 percent), transportation and storage (38.5 percent), and wholesale and retail trade and repair of motor vehicles (35.9 percent)."
2024,Georgia,georgia,41.5,percent,,percentage,Section 2. Liberty,b. Worker Rights,rules,"The GTUC stated that the highest levels of informality, except agriculture, were in the following sectors: domestic workers (100 percent), construction (72.4 percent), accommodation and food service activities (50.3 percent), industry (41.5 percent), administrative and support service activities (38.5 percent), transportation and storage (38.5 percent), and wholesale and retail trade and repair of motor vehicles (35.9 percent)."
2024,Georgia,georgia,38.5,percent,,percentage,Section 2. Liberty,b. Worker Rights,rules,"The GTUC stated that the highest levels of informality, except agriculture, were in the following sectors: domestic workers (100 percent), construction (72.4 percent), accommodation and food service activities (50.3 percent), industry (41.5 percent), administrative and support service activities (38.5 percent), transportation and storage (38.5 percent), and wholesale and retail trade and repair of motor vehicles (35.9 percent)."
2024,Georgia,georgia,38.5,percent,,percentage,Section 2. Liberty,b. Worker Rights,rules,"The GTUC stated that the highest levels of informality, except agriculture, were in the following sectors: domestic workers (100 percent), construction (72.4 percent), accommodation and food service activities (50.3 percent), industry (41.5 percent), administrative and support service activities (38.5 percent), transportation and storage (38.5 percent), and wholesale and retail trade and repair of motor vehicles (35.9 percent)."
2024,Georgia,georgia,35.9,percent,,percentage,Section 2. Liberty,b. Worker Rights,rules,"The GTUC stated that the highest levels of informality, except agriculture, were in the following sectors: domestic workers (100 percent), construction (72.4 percent), accommodation and food service activities (50.3 percent), industry (41.5 percent), administrative and support service activities (38.5 percent), transportation and storage (38.5 percent), and wholesale and retail trade and repair of motor vehicles (35.9 percent)."
2024,Georgia,georgia,2300,individuals,more than,count,Section 2. Liberty,c. Disappearance and Abduction,rules,"More than 2,300 individuals remained missing from the 1992-93 war in Abkhazia and the 2008 Russian invasion, according to the International Committee of the Red Cross."
2024,Georgia,georgia,450,protesters,up to,count,Section 2. Liberty,c. Disappearance and Abduction,rules,"During the pro-EU demonstrations, up to 450 protesters were detained based on the code of administrative offenses."
2024,Georgia,georgia,210,individuals,more than,count,Section 2. Liberty,c. Disappearance and Abduction,rules,"In April and May, more than 210 individuals were detained in the country during a violent police crackdown on mass peaceful protests against the reintroduction of the Law on Transparency of Foreign Influence (FIL)."
2024,Georgia,georgia,15,individuals,,count,Section 2. Liberty,c. Disappearance and Abduction,rules,"The EU Monitoring Mission in Georgia reported that as of December 5, 15 individuals remained unlawfully detained in the occupied territories, 10 in occupied South Ossetia and five in occupied Abkhazia."
2024,Georgia,georgia,260,detainees,,count,Section 3. Security of the Person,"a. Torture and Cruel, Inhuman, or Degrading Treatment or Punishment",rules,"The public defender reported that of 260 detainees his office visited during the pro-EU demonstrations, 188 claimed they were subjected to violence and inhuman treatment by police before or during detention."
2024,Georgia,georgia,1,percent,,percentage,Section 3. Security of the Person,c. Protection to Refugees,rules,"According to UNHCR, from January to July, 1 percent of asylum-claim rejections were based on national security grounds."
2024,Georgia,georgia,6000,persons,more than,count,Section 3. Security of the Person,d. Acts of Antisemitism and Antisemitic Incitement,rules,"Observers estimated the Jewish community to be no more than 6,000 persons."
2024,Germany,germany,45,individuals,,count,Section 2. Liberty,a. Freedom of the Press,rules,"On March 7, in anticipation of International Women’s Day, police raided the homes of 45 individuals across the country as part of an effort to “combat misogyny on the internet;” in the same effort, authorities searched and questioned 37 other individuals in the months leading up to the raids."
2024,Germany,germany,47,percent,,percentage,Section 2. Liberty,b. Worker Rights,rules,"According to a study released September 12 by the Hans Boeckler Foundation’s Institute of Economic and Social Research, 47 percent of 131 union leaders surveyed were aware of cases in which employers had attempted to interfere in the creation of works councils, a rate which rose to 54 percent of union leaders in the metal-working and electronics industries."
2024,Germany,germany,54,percent,,percentage,Section 2. Liberty,b. Worker Rights,rules,"According to a study released September 12 by the Hans Boeckler Foundation’s Institute of Economic and Social Research, 47 percent of 131 union leaders surveyed were aware of cases in which employers had attempted to interfere in the creation of works councils, a rate which rose to 54 percent of union leaders in the metal-working and electronics industries."
2024,Germany,germany,54,percent,,percentage,Section 2. Liberty,b. Worker Rights,rules,"For the 54 percent of employees who were directly covered by collective bargaining agreements, the average agreed working week was 37.7 hours."
2024,Germany,germany,3429,complaints,,count,Section 2. Liberty,b. Worker Rights,rules,"On June 25, the agency reported it had received 3,429 complaints in 2023 alleging discrimination in the workplace or when accessing services because of ethnic background, racism, or antisemitism."
2024,Germany,germany,11.3,percent,approximately,percentage,Section 2. Liberty,b. Worker Rights,rules,"According to a January 30 study by the University of Linz and the Institute for Applied Economic Research at the University of Tübingen, the informal economy accounted for approximately 11.3 percent of the country’s GDP."
2024,Germany,germany,10762,individuals,,count,Section 3. Security of the Person,c. Protection to Refugees,rules,"In 2023, according to the Federal Office for Migration and Refugees, authorities provided financial assistance of €321 to €500 ($338 to $526) to 10,762 individuals to facilitate voluntary returns to their countries of origin."
2024,Germany,germany,42,percent,,percentage,Section 3. Security of the Person,d. Acts of Antisemitism and Antisemitic Incitement,rules,"The ministry attributed the increase to Hamas’ terrorist attacks in Israel and “subsequent escalation of violence in the Middle East.” According to a survey released by the Central Council of Jews in Germany on October 7, 42 percent of Jewish congregations were targets of threats, vandalism, or insults during the year, and 82 percent responded that the country had become a less secure place for Jews to live openly since October 2023."
2024,Germany,germany,82,percent,,percentage,Section 3. Security of the Person,d. Acts of Antisemitism and Antisemitic Incitement,rules,"The ministry attributed the increase to Hamas’ terrorist attacks in Israel and “subsequent escalation of violence in the Middle East.” According to a survey released by the Central Council of Jews in Germany on October 7, 42 percent of Jewish congregations were targets of threats, vandalism, or insults during the year, and 82 percent responded that the country had become a less secure place for Jews to live openly since October 2023."
2024,Ghana,ghana,14,percent,approximately,percentage,Section 2. Liberty,b. Worker Rights,rules,"The law only covered workers in the formal sector, who comprised approximately 14 percent of the labor force."
2024,Ghana,ghana,86,percent,approximately,percentage,Section 2. Liberty,b. Worker Rights,rules,"Approximately 86 percent of the working population was employed in the informal sector, according to the Statistical Service."
2024,Ghana,ghana,27.8,percent,,percentage,Section 3. Security of the Person,"a. Torture and Cruel, Inhuman, or Degrading Treatment or Punishment",rules,"According to the Ministry of Gender, Children, and Social Protection, incidents of FGM/C were significantly higher in the north, particularly in Upper East Region, which had a prevalence rate of 27.8 percent, compared with the national rate of 3.8 percent."
2024,Ghana,ghana,3.8,percent,,percentage,Section 3. Security of the Person,"a. Torture and Cruel, Inhuman, or Degrading Treatment or Punishment",rules,"According to the Ministry of Gender, Children, and Social Protection, incidents of FGM/C were significantly higher in the north, particularly in Upper East Region, which had a prevalence rate of 27.8 percent, compared with the national rate of 3.8 percent."
2024,Greece,greece,40,percent,,percentage,Section 2. Liberty,b. Worker Rights,rules,"The maximum legal workweek was 40 hours, although legislation provided for the ability of employees in certain private businesses, operating on a 24/7 basis, and for limited periods of time, to work an additional two hours per day or an additional eight-hour shift with wages increased by 40 percent."
2024,Greece,greece,20,percent,approximately,percentage,Section 2. Liberty,b. Worker Rights,rules,"The informal sector accounted for approximately 20 percent of the economy and was largely concentrated in tourism, agriculture, and service sectors."
2024,Grenada,grenada,75,percent,approximately,percentage,Section 2. Liberty,b. Worker Rights,rules,The informal sector accounted for approximately 75 percent of the labor force.
2024,Guatemala,guatemala,12,attacks,,count,Section 2. Liberty,a. Freedom of the Press,rules,"The nongovernmental organization (NGO) UDEFEGUA registered 12 attacks against journalists and communicators during the first six months of the year, compared with 393 attacks during the first seven months of 2023."
2024,Guatemala,guatemala,393,attacks,,count,Section 2. Liberty,a. Freedom of the Press,rules,"The nongovernmental organization (NGO) UDEFEGUA registered 12 attacks against journalists and communicators during the first six months of the year, compared with 393 attacks during the first seven months of 2023."
2024,Guatemala,guatemala,25,percent,at least,percentage,Section 2. Liberty,b. Worker Rights,rules,A factory or business owner was not obligated to negotiate a collective bargaining agreement unless at least 25 percent of workers in the factory or business were union members and requested negotiations.
2024,Guatemala,guatemala,72,percent,,percentage,Section 2. Liberty,b. Worker Rights,rules,"According to the Special Prosecutor’s Office for Crimes Against Unionists, 72 percent of complaints in 2023 involved persistent employer refusal to comply with judicial orders."
2024,Guatemala,guatemala,19,complaints,,count,Section 2. Liberty,b. Worker Rights,rules,"The Special Prosecutor’s Office for Crimes against Judicial Workers and Unionists received 19 complaints of threats and violence against unionists in 2023, the most recent data available."
2024,Guatemala,guatemala,37,cases,,count,Section 2. Liberty,b. Worker Rights,rules,"In 2023, an NGO registered 37 cases of employer threats and intimidation against trade unionists and labor activists."
2024,Guatemala,guatemala,48,percent,approximately,percentage,Section 2. Liberty,b. Worker Rights,rules,Approximately 48 percent of the labor inspectorate’s inspections carried out from January to August were complaint driven.
2024,Guatemala,guatemala,24,case,,count,Section 2. Liberty,b. Worker Rights,rules,"A lack of strong enforcement mechanisms was evident in the 2023-24 case of the Industrial Hana garment factory’s abrupt closure and failure to pay owed wages, social security payments, and severance to more than 200 affected workers."
2024,Guatemala,guatemala,71,percent,approximately,percentage,Section 2. Liberty,b. Worker Rights,rules,"According to National Statistics Institute data, approximately 71 percent of the workforce was employed in the informal sector."
2024,Guatemala,guatemala,500,individuals,more than,count,Section 2. Liberty,c. Disappearance and Abduction,rules,"The area was the largest place of torture, containing the remains of more than 500 individuals."
2024,Guatemala,guatemala,1500,persons,approximately,count,Section 3. Security of the Person,d. Acts of Antisemitism and Antisemitic Incitement,rules,"The Jewish population was approximately 1,500 persons."
2024,Guinea-Bissau,guinea-bissau,80,percent,approximately,percentage,Section 2. Liberty,b. Worker Rights,rules,"Wage and OSH regulations were not enforced in the informal sector, which accounted for approximately 80 percent of workers."
2024,Guinea-Bissau,guinea-bissau,93,demonstrators,,count,Section 2. Liberty,c. Disappearance and Abduction,rules,"In January, a civil society group reported the arbitrary arrest of 93 demonstrators, including a journalist, most of whom were affiliated with opposition political parties, for protesting inflation and living conditions."
2024,Guinea-Bissau,guinea-bissau,70,persons,at least,count,Section 3. Security of the Person,"a. Torture and Cruel, Inhuman, or Degrading Treatment or Punishment",rules,"Punishment The constitution and law prohibited such practices, but the GBHRL reported at least 70 persons were subjected to torture or arbitrary physical abuse while detained, with four of the cases resulting in serious injuries that required hospitalization."
2024,Guinea-Bissau,guinea-bissau,52,percent,,percentage,Section 3. Security of the Person,"a. Torture and Cruel, Inhuman, or Degrading Treatment or Punishment",rules,A 2021 study by UNICEF found that 52 percent of local women between ages 15 and 49 were survivors of FGM/C and that FGM/C was practiced most often on girls younger than age five.
2024,Guinea-Bissau,guinea-bissau,6,percent,,percentage,Section 3. Security of the Person,b. Protection of Children,rules,"According to UNICEF, 6 percent of all girls were married by age 15, and 24 percent by age 18."
2024,Guinea-Bissau,guinea-bissau,24,percent,,percentage,Section 3. Security of the Person,b. Protection of Children,rules,"According to UNICEF, 6 percent of all girls were married by age 15, and 24 percent by age 18."
2024,Guinea,guinea,47,persons,at least,count,Section 1. Life,a. Extrajudicial Killings,rules,"Amnesty International issued a report stating that between June 1, 2022, and March 15, at least 47 persons were killed by security and military forces during protests."
2024,Guinea,guinea,20,percent,,percentage,Section 2. Liberty,b. Worker Rights,rules,The law required unions obtain the support of 20 percent of the workforce to represent them.
2024,Guinea,guinea,70,percent,,percentage,Section 2. Liberty,b. Worker Rights,rules,The informal sector included 60 to 70 percent of all workers.
2024,Guinea,guinea,16,detainees,,count,Section 2. Liberty,c. Disappearance and Abduction,rules,"On July 23, Minister of Justice Yaya Kairaba Kaba, accompanied by the prosecutor of the Conakry Court of Appeal, facilitated the release of 16 detainees from the Conakry Central Prison."
2024,Guinea,guinea,16,individuals,,count,Section 2. Liberty,c. Disappearance and Abduction,rules,"Minister Kaba explained that these 16 individuals had been imprisoned for periods ranging from three to 16 years without trial, and the case files for some of them could not be located."
2024,Guinea,guinea,94.5,percent,,percentage,Section 3. Security of the Person,"a. Torture and Cruel, Inhuman, or Degrading Treatment or Punishment",rules,"According to a 2018 UNICEF survey, 94.5 percent of women and girls ages 15 to 49 had undergone the procedure, which was practiced throughout the country and among all major religious and ethnic groups."
2024,Guinea,guinea,47,percent,,percentage,Section 3. Security of the Person,b. Protection of Children,rules,"According to Girls Not Brides, an international network of civil society organizations committed to ending child marriage, prevalence rates were 47 percent of girls married by age 18 and 17 percent married by age 15."
2024,Guinea,guinea,17,percent,,percentage,Section 3. Security of the Person,b. Protection of Children,rules,"According to Girls Not Brides, an international network of civil society organizations committed to ending child marriage, prevalence rates were 47 percent of girls married by age 18 and 17 percent married by age 15."
2024,Guinea,guinea,8285,girls,,count,Section 3. Security of the Person,b. Protection of Children,rules,"During the year, 8,285 girls ages 10-19 received prevention and support services."
2024,Guyana,guyana,40,percent,,percentage,Section 2. Liberty,b. Worker Rights,rules,"By law, unions were required to have 40 percent support of workers, a provision the International Labor Organization (ILO) criticized."
2024,Guyana,guyana,50,percent,approximately,percentage,Section 2. Liberty,b. Worker Rights,rules,"As of 2021, the Guyanese Bureau of Statistics reported the proportion of workers in informal employment was approximately 50 percent."
2024,Guyana,guyana,35,percent,,percentage,Section 2. Liberty,b. Worker Rights,rules,The International Monetary Fund estimated the informal economy represented 35 percent of total economic activities.
2024,Guyana,guyana,41,percent,,percentage,Section 2. Liberty,c. Disappearance and Abduction,rules,Pretrial detainees accounted for 41 percent of the prison population.
2024,Haiti,haiti,96,percent,,percentage,Section 1. Life,a. Extrajudicial Killings,rules,"Authorities closed the long-standing investigation into journalist Néhémie Joseph’s 2019 killing; the investigating judge referred former Senator Rony Célestin and seven others to trial for “murder and criminal association.” The United Nations Integrated Office in Haiti (BINUH) reported gang violence between January and June resulted in 3,884 deaths and injuries, with 96 percent of killings occurring in the West Department, including Port- au-Prince."
2024,Haiti,haiti,3884,deaths,,count,Section 1. Life,a. Extrajudicial Killings,rules,"Authorities closed the long-standing investigation into journalist Néhémie Joseph’s 2019 killing; the investigating judge referred former Senator Rony Célestin and seven others to trial for “murder and criminal association.” The United Nations Integrated Office in Haiti (BINUH) reported gang violence between January and June resulted in 3,884 deaths and injuries, with 96 percent of killings occurring in the West Department, including Port- au-Prince."
2024,Haiti,haiti,4600,inmates,more than,count,Section 1. Life,a. Extrajudicial Killings,rules,"More than 4,600 inmates escaped from major prisons, at least 22 police facilities were attacked, and 19 police officers were killed or injured."
2024,Haiti,haiti,2505,persons,at least,count,Section 1. Life,a. Extrajudicial Killings,rules,"An increase in violence between January and March accounted for most of the 3,884 casualties reported in the first half of the year, with at least 2,505 persons killed or injured due to gang-related violence against civilians and violence between gangs."
2024,Haiti,haiti,53,percent,,percentage,Section 1. Life,a. Extrajudicial Killings,rules,This represented a 53 percent increase compared with the previous quarter.
2024,Haiti,haiti,200,victims,more than,count,Section 1. Life,a. Extrajudicial Killings,rules,Tentative death toll estimates based on NGO and UN contacts with residents ranged from 50 to more than 200 victims.
2024,Haiti,haiti,92,percent,,percentage,Section 2. Liberty,b. Worker Rights,rules,"In its 27th Haiti Biannual Compliance Synthesis Report, covering July 2023 to June and focusing on the garment industry, the NGO Better Work Haiti (BWH) found that between 52 and 92 percent of factories it monitored failed to correctly calculate and pay various types of worker compensation, including overtime wages, social security contributions, and paid leave."
2024,Haiti,haiti,60,percent,more than,percentage,Section 2. Liberty,b. Worker Rights,rules,"In its 27th Biannual Compliance Synthesis Report, BWH reported that while more than 60 percent of apparel factories it monitored failed to comply with standards for labeling and inventorying chemical products, the degree of noncompliance with other standards, such as storage of hazardous substances and appropriate training for workers, significantly decreased."
2024,Haiti,haiti,87,percent,,percentage,Section 2. Liberty,b. Worker Rights,rules,"According to the World Bank, informal workers accounted for 87 percent of the labor force."
2024,Haiti,haiti,66,percent,at least,percentage,Section 2. Liberty,c. Disappearance and Abduction,rules,"As of June 30, BINUH reported 866 kidnappings, with at least 66 percent occurring in the Artibonite Department, primarily involving victims traveling on public transport or abducted from their homes and held for ransom."
2024,Haiti,haiti,31,cases,,count,Section 3. Security of the Person,"a. Torture and Cruel, Inhuman, or Degrading Treatment or Punishment",rules,"BINUH reported that between January 1 and March 31, the HNP Inspectorate General opened 31 cases involving 39 police officers accused of human rights violations, none of which were closed or referred for sanction."
2024,Haiti,haiti,4000,women,at least,count,Section 3. Security of the Person,"a. Torture and Cruel, Inhuman, or Degrading Treatment or Punishment",rules,"According to Human Rights Watch, at least 4,000 women and girls reported being subjected to sexual violence between January and October."
2024,Haiti,haiti,100,persons,fewer than,count,Section 3. Security of the Person,d. Acts of Antisemitism and Antisemitic Incitement,rules,The Jewish community numbered fewer than 100 persons.
2024,Honduras,honduras,30,workers,at least,count,Section 2. Liberty,b. Worker Rights,rules,"The law placed restrictions on these rights, such as requiring that a recognized trade union represent at least 30 workers, prohibiting foreign nationals from holding union offices, and requiring that union officials work in the same substantive area of the business as the workers they represented."
2024,Honduras,honduras,58,percent,,percentage,Section 2. Liberty,b. Worker Rights,rules,"According to a 2024 World Bank survey, 58 percent of workers were in the informal economy."
2024,Honduras,honduras,8945,individuals,,count,Section 2. Liberty,c. Disappearance and Abduction,rules,"The Ministry of Human Rights reported 8,945 individuals were in the prison population awaiting processing."
2024,Honduras,honduras,236,cases,,count,Section 2. Liberty,c. Disappearance and Abduction,rules,"CONADEH reported 236 cases regarding access to justice and due process of law by security forces, and nine cases of violations of due process."
2024,Honduras,honduras,26,cases,,count,Section 3. Security of the Person,"a. Torture and Cruel, Inhuman, or Degrading Treatment or Punishment",rules,"The Public Ministry reported 26 cases of alleged torture by security forces, while CONADEH reported 37 cases."
2024,Honduras,honduras,37,cases,,count,Section 3. Security of the Person,"a. Torture and Cruel, Inhuman, or Degrading Treatment or Punishment",rules,"The Public Ministry reported 26 cases of alleged torture by security forces, while CONADEH reported 37 cases."
2024,Honduras,honduras,123,cases,,count,Section 3. Security of the Person,"a. Torture and Cruel, Inhuman, or Degrading Treatment or Punishment",rules,"The Public Ministry reported a total of 123 cases of cruel or inhuman treatment by security forces, and CONADEH reported 76 cases via the Ministry of Human Rights."
2024,Honduras,honduras,76,cases,,count,Section 3. Security of the Person,"a. Torture and Cruel, Inhuman, or Degrading Treatment or Punishment",rules,"The Public Ministry reported a total of 123 cases of cruel or inhuman treatment by security forces, and CONADEH reported 76 cases via the Ministry of Human Rights."
2024,Honduras,honduras,21,prisoners,,count,Section 3. Security of the Person,"a. Torture and Cruel, Inhuman, or Degrading Treatment or Punishment",rules,"The Ministry of Human Rights reported 21 prisoners died while in custody, five of whom died because of violence."
2024,Honduras,honduras,14,cases,,count,Section 3. Security of the Person,"a. Torture and Cruel, Inhuman, or Degrading Treatment or Punishment",rules,"CONADEH reported 14 cases of alleged torture and 21 cases of cruel and inhuman treatment of detainees and prisoners by security forces within penitentiary institutions, and another case of rape or sexual abuse of a person while in detention."
2024,Honduras,honduras,21,cases,,count,Section 3. Security of the Person,"a. Torture and Cruel, Inhuman, or Degrading Treatment or Punishment",rules,"CONADEH reported 14 cases of alleged torture and 21 cases of cruel and inhuman treatment of detainees and prisoners by security forces within penitentiary institutions, and another case of rape or sexual abuse of a person while in detention."
2024,Honduras,honduras,34,percent,,percentage,Section 3. Security of the Person,b. Protection of Children,rules,"International NGOs reported 34 percent of girls and 12 percent of boys were married before age 18, with the practice more prevalent in rural areas."
2024,Honduras,honduras,12,percent,,percentage,Section 3. Security of the Person,b. Protection of Children,rules,"International NGOs reported 34 percent of girls and 12 percent of boys were married before age 18, with the practice more prevalent in rural areas."
2024,Hungary,hungary,25,percent,,percentage,Section 2. Liberty,a. Freedom of the Press,rules,"Under the law, the government could impose a 25 percent tax on civil entities that contravened the government’s policy and aided or promoted foreign immigration."
2024,Hungary,hungary,22.5,percent,,percentage,Section 2. Liberty,b. Worker Rights,rules,"According to a World Bank 2024 estimate, the informal sector comprised 22.5 percent of the GDP."
2024,Hungary,hungary,7635,persons,,count,Section 3. Security of the Person,d. Acts of Antisemitism and Antisemitic Incitement,rules,"According to the 2022 census, 7,635 persons identified their religion as Judaism."
2024,Iceland,iceland,100,percent,nearly,percentage,Section 2. Liberty,b. Worker Rights,rules,Collective bargaining agreements covered nearly 100 percent of the formal economy’s workforce.
2024,Iceland,iceland,7,percent,,percentage,Section 2. Liberty,b. Worker Rights,rules,"According to government estimates, the informal economy accounted for approximately 3 to 7 percent of GDP."
2024,Iceland,iceland,500,individuals,approximately,count,Section 3. Security of the Person,d. Acts of Antisemitism and Antisemitic Incitement,rules,The resident Jewish community was estimated at approximately 500 individuals.
2024,India,india,85,deaths,,count,Section 1. Life,a. Extrajudicial Killings,rules,Media reported there were staged killings of accused individuals at the hands of police or security forces as “encounter killings.” The National Human Rights Commission (NHRC) reported 85 deaths during police encounters as of August.
2024,India,india,10,persons,at least,count,Section 1. Life,a. Extrajudicial Killings,rules,"In interethnic clashes September 1-10, at least 10 persons were killed."
2024,India,india,67000,persons,nearly,count,Section 1. Life,a. Extrajudicial Killings,rules,"The conflict had claimed more than 220 lives and displaced nearly 67,000 persons since it began in 2023."
2024,India,india,193,incidents,,count,Section 1. Life,a. Extrajudicial Killings,rules,"According to the South Asia Terrorism Portal, which compiled data from news reports, there were 193 incidents of killing by alleged terrorists as of September 8, which included 45 members of security forces."
2024,India,india,20,percent,approximately,percentage,Section 1. Life,b. Coercion in Population Control,rules,"According to the article, a government investigation found that of the 82,000 women sugarcane workers in Beed District, approximately 20 percent had undergone hysterectomies."
2024,India,india,82000,women,,count,Section 1. Life,b. Coercion in Population Control,rules,"According to the article, a government investigation found that of the 82,000 women sugarcane workers in Beed District, approximately 20 percent had undergone hysterectomies."
2024,India,india,20,percent,nearly,percentage,Section 1. Life,b. Coercion in Population Control,rules,State government officials reported the rate of hysterectomies had decreased by nearly 20 percent since 2019.
2024,India,india,34,journalists,at least,count,Section 2. Liberty,a. Freedom of the Press,rules,"Physical Attacks, Imprisonment, and Pressure During the year, HRW reported at least 34 journalists were attacked, five arrested, and at least 175 social media accounts and web links were blocked."
2024,India,india,10,percent,,percentage,Section 2. Liberty,b. Worker Rights,rules,Unions were required to have at least 100 members in an enterprise or 10 percent of the workforce (whichever was less) to be recognized and had to account for two-thirds of the workforce to have standing to engage in collective bargaining.
2024,India,india,80,percent,an estimated,percentage,Section 2. Liberty,b. Worker Rights,rules,An estimated 80 percent of unionized workers were affiliated with one of the five major trade union federations.
2024,India,india,1000,workers,more than,count,Section 2. Liberty,b. Worker Rights,rules,"More than 1,000 workers had been protesting for higher wages and union recognition until the strike was called off on October 14."
2024,India,india,81,persons,,count,Section 2. Liberty,b. Worker Rights,rules,"In July, the Maharashtra government informed the Bombay High Court that it had paid compensation to the families of 81 persons who died due to manual scavenging in the state since 1993."
2024,India,india,90,percent,an estimated,percentage,Section 2. Liberty,b. Worker Rights,rules,"The law and regulations did not protect informal sector workers (industries and establishments that did not fall within the purview of the Factories Act), who made up an estimated 90 percent of the workforce."
2024,India,india,17,workers,at least,count,Section 2. Liberty,b. Worker Rights,rules,"On August 21, an explosion in one of the plants of pharmaceutical company Escientia Advanced Sciences near Visakhapatnam in Andhra Pradesh killed at least 17 workers and injured 36 more."
2024,India,india,9765,women,,count,Section 2. Liberty,c. Disappearance and Abduction,rules,"In response to a July parliamentary inquiry, the government provided data from its National Crimes Records Bureau (NCRB) that showed that 9,765 women and girls were reported missing from their homes in J&K between 2019 and 2021, an increase from the 3,300 women and girls reported missing in J&K between 2016 and 2019."
2024,India,india,3300,women,,count,Section 2. Liberty,c. Disappearance and Abduction,rules,"In response to a July parliamentary inquiry, the government provided data from its National Crimes Records Bureau (NCRB) that showed that 9,765 women and girls were reported missing from their homes in J&K between 2019 and 2021, an increase from the 3,300 women and girls reported missing in J&K between 2016 and 2019."
2024,India,india,1005,arrests,,count,Section 2. Liberty,c. Disappearance and Abduction,rules,"According to the most recent NCRB data, there were 1,005 arrests registered under the UAPA in 2022."
2024,India,india,97,percent,,percentage,Section 2. Liberty,c. Disappearance and Abduction,rules,"Of these cases, police dismissed 979, or 97 percent of charges."
2024,India,india,39,cases,,count,Section 2. Liberty,c. Disappearance and Abduction,rules,"The court convicted 39 cases, although they were all cases from previous years, and there were 3,177 trials pending at the end of 2022."
2024,India,india,573000,prisoners,,count,Section 2. Liberty,c. Disappearance and Abduction,rules,"The NCRB reported that as of December 31, 2022, the country had 573,000 prisoners."
2024,India,india,75,percent,,percentage,Section 2. Liberty,c. Disappearance and Abduction,rules,"Of these, 434,000 were pretrial detainees, or 75 percent of the total prison population."
2024,India,india,70,percent,,percentage,Section 2. Liberty,c. Disappearance and Abduction,rules,NCRB data showed 70 percent of individuals awaiting trial spent more than three months in jail before they could secure bail.
2024,India,india,107,deaths,,count,Section 3. Security of the Person,"a. Torture and Cruel, Inhuman, or Degrading Treatment or Punishment",rules,"The NHRC registered 107 deaths in police custody and 1,372 deaths in judicial custody in the first eight months of the year."
2024,India,india,1372,deaths,,count,Section 3. Security of the Person,"a. Torture and Cruel, Inhuman, or Degrading Treatment or Punishment",rules,"The NHRC registered 107 deaths in police custody and 1,372 deaths in judicial custody in the first eight months of the year."
2024,India,india,270,cases,more than,count,Section 3. Security of the Person,"a. Torture and Cruel, Inhuman, or Degrading Treatment or Punishment",rules,"More than 270 cases of rape in police custody were registered between 2017 and 2022, according to NCRB data, with women’s rights activists attributing such instances to a lack of sensitization and accountability within law enforcement systems."
2024,India,india,1002,cases,,count,Section 3. Security of the Person,b. Protection of Children,rules,"According to the NCRB, there were 1,002 cases of documented child marriages in 2022."
2024,India,india,81,percent,,percentage,Section 3. Security of the Person,b. Protection of Children,rules,"In 2023-24, there was an 81 percent drop in child marriages across the state of Assam."
2024,India,india,273000,refugees,,count,Section 3. Security of the Person,c. Protection to Refugees,rules,"UNHCR reported 273,000 refugees, asylum-seekers, and persons in refugee- like situations as of June, mostly from Burma, Sri Lanka, and the People’s Republic of China."
2024,India,india,4800,persons,approximately,count,Section 3. Security of the Person,d. Acts of Antisemitism and Antisemitic Incitement,rules,"The Jewish community was estimated to comprise approximately 4,800 persons in 2020."
2024,Indonesia,indonesia,12,cases,,count,Section 1. Life,"c. War Crimes, Crimes against Humanity, and Evidence of Acts that May Constitute Genocide, or Conflict-Related",rules,HRM reported 12 cases of torture attributable to government security forces in the Papua region during the first half of the year.
2024,Indonesia,indonesia,49,incidents,,count,Section 2. Liberty,a. Freedom of the Press,rules,The Alliance of Independent Journalists recorded 49 incidents involving violations of journalists’ and media organizations’ rights between January and September.
2024,Indonesia,indonesia,40,cases,,count,Section 2. Liberty,a. Freedom of the Press,rules,"From January to August, the Alliance of Independent Journalists reported 40 cases of violence against journalists that included doxing, physical assaults, and verbal intimidation and threats perpetrated by various actors, including government officials, police and security personnel, members of mass organizations, and the public."
2024,Indonesia,indonesia,89,attacks,,count,Section 2. Liberty,a. Freedom of the Press,rules,"It reported 89 attacks in 2023, the highest number of attacks in a decade."
2024,Indonesia,indonesia,50,percent,more than,percentage,Section 2. Liberty,b. Worker Rights,rules,"The law included restrictions on collective bargaining, including a requirement that a union or unions represent more than 50 percent of the company workforce or receive a vote of more than 50 percent of all workers to negotiate a collective labor agreement."
2024,Indonesia,indonesia,50,percent,more than,percentage,Section 2. Liberty,b. Worker Rights,rules,"The law included restrictions on collective bargaining, including a requirement that a union or unions represent more than 50 percent of the company workforce or receive a vote of more than 50 percent of all workers to negotiate a collective labor agreement."
2024,Indonesia,indonesia,50,percent,at least,percentage,Section 2. Liberty,b. Worker Rights,rules,The implementing regulations required sectors exempt from minimum wage rules to pay workers at least 50 percent of average public consumption or 25 percent above the poverty level in their province and made part-time workers eligible for hourly wages.
2024,Indonesia,indonesia,25,percent,,percentage,Section 2. Liberty,b. Worker Rights,rules,The implementing regulations required sectors exempt from minimum wage rules to pay workers at least 50 percent of average public consumption or 25 percent above the poverty level in their province and made part-time workers eligible for hourly wages.
2024,Indonesia,indonesia,21,workers,,count,Section 2. Liberty,b. Worker Rights,rules,"This was the second smelter explosion at the plant in six months, with the previous explosion killing 21 workers in December 2023."
2024,Indonesia,indonesia,59,percent,an estimated,percentage,Section 2. Liberty,b. Worker Rights,rules,"Workers in the informal sector, an estimated 59 percent of the labor force, did not receive the same protections or benefits as workers in the formal sector, in part because they had no legal work contract that labor inspectors could examine."
2024,Indonesia,indonesia,645,incidents,,count,Section 3. Security of the Person,"a. Torture and Cruel, Inhuman, or Degrading Treatment or Punishment",rules,"From July 2023 to June 2024, KontraS documented 645 incidents of police violence and 75 civil liberty violations, including forced dispersals, arbitrary arrests, and intimidation."
2024,Indonesia,indonesia,60,cases,,count,Section 3. Security of the Person,"a. Torture and Cruel, Inhuman, or Degrading Treatment or Punishment",rules,"KontraS reported that between June 2023 and May 2024, there were 60 cases of torture nationally."
2024,Indonesia,indonesia,55,percent,,percentage,Section 3. Security of the Person,"a. Torture and Cruel, Inhuman, or Degrading Treatment or Punishment",rules,"Female genital mutilation/cutting (FGM/C) occurred regularly; 55 percent of women between the ages of 15 and 64 acknowledged being circumcised, according to an August 2023 report from the UN Population Fund; 1.3 million girls were cut every year; the country accounted for 30 percent of girls at risk globally."
2024,Indonesia,indonesia,30,percent,,percentage,Section 3. Security of the Person,"a. Torture and Cruel, Inhuman, or Degrading Treatment or Punishment",rules,"Female genital mutilation/cutting (FGM/C) occurred regularly; 55 percent of women between the ages of 15 and 64 acknowledged being circumcised, according to an August 2023 report from the UN Population Fund; 1.3 million girls were cut every year; the country accounted for 30 percent of girls at risk globally."
2024,Indonesia,indonesia,11986,refugees,,count,Section 3. Security of the Person,c. Protection to Refugees,rules,"Provision of First Asylum UNHCR officials reported 11,986 refugees and asylum seekers in the country as of October."
2024,Indonesia,indonesia,542,refugees,,count,Section 3. Security of the Person,c. Protection to Refugees,rules,UNHCR reported 542 refugees departed for resettlement through July.
2024,Iran,iran,58,percent,,percentage,Section 1. Life,a. Extrajudicial Killings,rules,The Abdorrahman Boroumand Center reported 58 percent of executions carried out between January and mid-August were for drug-related offenses.
2024,Iran,iran,29,percent,,percentage,Section 1. Life,a. Extrajudicial Killings,rules,The Baluch minority accounted for 29 percent of drug-related executions despite being only approximately 5 percent of the population.
2024,Iran,iran,5,percent,approximately,percentage,Section 1. Life,a. Extrajudicial Killings,rules,The Baluch minority accounted for 29 percent of drug-related executions despite being only approximately 5 percent of the population.
2024,Iran,iran,27,percent,,percentage,Section 1. Life,a. Extrajudicial Killings,rules,"Of the 364 individuals the Abdorrahman Boroumand Center reported were executed between January and mid-August, minorities made up 27 percent."
2024,Iran,iran,364,individuals,,count,Section 1. Life,a. Extrajudicial Killings,rules,"Of the 364 individuals the Abdorrahman Boroumand Center reported were executed between January and mid-August, minorities made up 27 percent."
2024,Iran,iran,10,percent,nearly,percentage,Section 1. Life,a. Extrajudicial Killings,rules,Nearly 10 percent of those executed were from the Baluch ethnic group.
2024,Iran,iran,91,journalists,at least,count,Section 2. Liberty,a. Freedom of the Press,rules,"According to an April report by the NGO Defending Free Flow of Information, authorities prosecuted at least 91 journalists from January to March, sentencing 24 to a cumulative 14 years and seven months in prison, with fines totaling more than $15 million."
2024,Iran,iran,100,individuals,,count,Section 2. Liberty,a. Freedom of the Press,rules,"In July, courts summoned 100 individuals in connection with cases against two Telegram channels and 500 Instagram accounts accused of promoting the boycott of the July presidential elections, according to media reports."
2024,Iran,iran,12,prisoners,,count,Section 2. Liberty,b. Worker Rights,rules,"Despite threats from security officials that these prisoners could face new charges for engaging in activities for International Workers Day, 12 prisoners in Evin Prison issued a joint letter on labor rights."
2024,Iran,iran,35,percent,,percentage,Section 2. Liberty,b. Worker Rights,rules,"In March, the government announced a 35 percent increase in the minimum wage."
2024,Iran,iran,42.5,percent,,percentage,Section 2. Liberty,b. Worker Rights,rules,"Labor representatives criticized the small scale of the increase, as official statistics estimated annual inflation at 42.5 percent."
2024,Iran,iran,10,workers,fewer than,count,Section 2. Liberty,b. Worker Rights,rules,"The law did not cover workers in workplaces with fewer than 10 workers, nor did it apply to noncitizens."
2024,Iran,iran,37.7,percent,,percentage,Section 2. Liberty,b. Worker Rights,rules,"In 2020, the Iranian National Tax Administration estimated the informal economy to have reached 37.7 percent of GDP."
2024,Iran,iran,50,percent,,percentage,Section 3. Security of the Person,"a. Torture and Cruel, Inhuman, or Degrading Treatment or Punishment",rules,Equality Now estimated FGM/C prevalence was 30-50 percent in some communities.
2024,Iran,iran,70,percent,more than,percentage,Section 3. Security of the Person,"a. Torture and Cruel, Inhuman, or Degrading Treatment or Punishment",rules,"In a 2016 academic survey of women in one community in West Azerbaijan Province, more than 70 percent reported being victims of FGM/C."
2024,Iran,iran,27000,girls,at least,count,Section 3. Security of the Person,b. Protection of Children,rules,"According to HRANA, the Statistical Center of Iran reported in 2023 that at least 27,000 girls under the age of 15 were married in the prior year."
2024,Iran,iran,3274,refugees,,count,Section 3. Security of the Person,c. Protection to Refugees,rules,"In August, UNHCR reported that in 2023 it worked with the government to resettle 3,274 refugees to third countries and facilitated the voluntary repatriation of 460 Afghan individuals."
2024,Iraq,iraq,16,incident,,count,Section 1. Life,a. Extrajudicial Killings,rules,This followed a July 16 incident in which another off-duty Commando Force member reportedly killed a teenager in Sulaymaniya.
2024,Iraq,iraq,300,incidents,more than,count,Section 2. Liberty,a. Freedom of the Press,rules,"In May, the Association for the Defense of Press Freedom in Iraq recorded more than 300 incidents, including 53 arrests, six injuries, 12 armed attacks, and 232 cases of obstruction or beatings, against journalists over the past year."
2024,Iraq,iraq,53,arrests,,count,Section 2. Liberty,a. Freedom of the Press,rules,"In May, the Association for the Defense of Press Freedom in Iraq recorded more than 300 incidents, including 53 arrests, six injuries, 12 armed attacks, and 232 cases of obstruction or beatings, against journalists over the past year."
2024,Iraq,iraq,232,cases,,count,Section 2. Liberty,a. Freedom of the Press,rules,"In May, the Association for the Defense of Press Freedom in Iraq recorded more than 300 incidents, including 53 arrests, six injuries, 12 armed attacks, and 232 cases of obstruction or beatings, against journalists over the past year."
2024,Iraq,iraq,59,cases,,count,Section 2. Liberty,a. Freedom of the Press,rules,"The violations included two arrests of journalists, 59 cases of denial of coverage, and 19 cases of seizure of journalistic equipment."
2024,Iraq,iraq,19,cases,,count,Section 2. Liberty,a. Freedom of the Press,rules,"The violations included two arrests of journalists, 59 cases of denial of coverage, and 19 cases of seizure of journalistic equipment."
2024,Iraq,iraq,50,workers,fewer than,count,Section 2. Liberty,b. Worker Rights,rules,"The labor law, however, prohibited the formation of unions independent of the government-controlled General Federation of Iraqi Workers and in workplaces with fewer than 50 workers."
2024,Iraq,iraq,10,percent,approximately,percentage,Section 2. Liberty,b. Worker Rights,rules,The law also considered individuals employed by state-owned enterprises (which made up approximately 10 percent of the workforce) as public-sector employees.
2024,Iraq,iraq,50,workers,more than,count,Section 2. Liberty,b. Worker Rights,rules,"Private-sector employees in worksites employing more than 50 workers could form workers committees, subdivisions of unions with limited rights."
2024,Iraq,iraq,55,percent,,percentage,Section 2. Liberty,b. Worker Rights,rules,"According to the most recent reporting available, from the International Labor Organization (ILO), in 2022, 55 percent of total employment was in the informal sector and the number of persons with informal jobs almost 67 percent of the total employment."
2024,Iraq,iraq,67,percent,,percentage,Section 2. Liberty,b. Worker Rights,rules,"According to the most recent reporting available, from the International Labor Organization (ILO), in 2022, 55 percent of total employment was in the informal sector and the number of persons with informal jobs almost 67 percent of the total employment."
2024,Iraq,iraq,50,percent,,percentage,Section 2. Liberty,b. Worker Rights,rules,"The ILO estimated a majority of workers in the country’s private sector, who constituted 40 to 50 percent of the workforce, worked for informal-sector entities."
2024,Iraq,iraq,208,persons,,count,Section 2. Liberty,c. Disappearance and Abduction,rules,The fate and whereabouts of 208 persons were determined.
2024,Iraq,iraq,30000,detainees,,count,Section 2. Liberty,c. Disappearance and Abduction,rules,"According to government officials, between February and October, the state and individuals brought charges against 30,000 detainees, while 27,000 others were still awaiting charges."
2024,Iraq,iraq,50,persons,at least,count,Section 3. Security of the Person,"a. Torture and Cruel, Inhuman, or Degrading Treatment or Punishment",rules,"According to the Iraqi Center for Documenting War Crimes, at least 50 persons were tortured to death in prisons in the first four months of the year."
2024,Iraq,iraq,300,percent,,percentage,Section 3. Security of the Person,"a. Torture and Cruel, Inhuman, or Degrading Treatment or Punishment",rules,The Ministry of Justice reported on June 28 that government prisons were operating at 300 percent capacity.
2024,Iraq,iraq,60,children,,count,Section 3. Security of the Person,"a. Torture and Cruel, Inhuman, or Degrading Treatment or Punishment",rules,"Despite the COR Human Rights Committee’s 2023 denouncement of the situation in women’s prisons as a human rights violation, noting the majority of inmates were detained solely because they came from ISIS-related families, by some reports 60 children ages 12 and below were in detention with their ISIS-affiliated mothers during the year."
2024,Iraq,iraq,28,percent,,percentage,Section 3. Security of the Person,b. Protection of Children,rules,"According to the most recent available data, from a December 2023 report by UNICEF, 28 percent of women ages 20 to 24 were first married before age 18; seven percent of women ages 20 to 24 were first married before age 15."
2024,Iraq,iraq,327000,refugees,more than,count,Section 3. Security of the Person,c. Protection to Refugees,rules,"As of September, UNHCR estimated more than 327,000 refugees and asylum seekers resided in the country, including more than 295,000 Syrian refugees."
2024,Iraq,iraq,40000,refugees,more than,count,Section 3. Security of the Person,c. Protection to Refugees,rules,"Additionally, UNHCR reported that as of the end of November, more than 40,000 refugees had arrived from Lebanon since the escalation of hostilities with Israel during the year."
2024,Iraq,iraq,99,percent,nearly,percentage,Section 3. Security of the Person,c. Protection to Refugees,rules,"Rather, it considered Syrian refugees to be “displaced from border areas of Syria and received for humanitarian reasons.” The KRG, however, recognized the status of Syrians as asylum seekers, and nearly 99 percent of Syrian refugees in Iraq resided in the IKR."
2024,Ireland,ireland,4000,refugees,more than,count,Section 3. Security of the Person,c. Protection to Refugees,rules,"Resettlement Under the Irish Refugee Protection Program, the country had accepted more than 4,000 refugees since 2019 under various resettlement plans, the largest of which was a UNHCR program."
2024,Ireland,ireland,2700,persons,approximately,count,Section 3. Security of the Person,d. Acts of Antisemitism and Antisemitic Incitement,rules,"According to the 2022 census, the Jewish community numbered approximately 2,700 persons."
2024,Israel (incl West Bank and Gaza),israel-west-bank-and-gaza,47.5,percent,,percentage,Section 2. Liberty,b. Worker Rights,rules,"On April 1, the minimum wage for a full-time position was raised consistent with the Minimum Wage Law that set the minimum wage at 47.5 percent of the average wage in Israel."
2024,Israel (incl West Bank and Gaza),israel-west-bank-and-gaza,77,percent,approximately,percentage,Section 3. Security of the Person,d. Acts of Antisemitism and Antisemitic Incitement,rules,"Jews constituted approximately 77 percent of the population, according to the Central Bureau of Statistics."
2024,Italy,italy,3.5,percent,,percentage,Section 2. Liberty,b. Worker Rights,rules,National Institute for Insurance against Accidents at Work (INAIL) data revealed that reported fatal work-related accidents in the first eight months of the year were up 3.5 percent over the corresponding period from the prior year.
2024,Italy,italy,0.9,percent,,percentage,Section 2. Liberty,b. Worker Rights,rules,Reported accidents in the first seven months of the year were up 0.9 percent.
2024,Italy,italy,10.5,percent,,percentage,Section 2. Liberty,b. Worker Rights,rules,The estimated size of the informal sector was 10.5 percent of GDP according to the country’s national statistics agency in 2022.
2024,Italy,italy,24,percent,,percentage,Section 2. Liberty,b. Worker Rights,rules,World Economics estimated the country’s informal economy to be as high as 24 percent of GDP.
2024,Italy,italy,78,percent,,percentage,Section 3. Security of the Person,d. Acts of Antisemitism and Antisemitic Incitement,rules,"Of Italian Jews surveyed, 78 percent felt less safe to live and practice their faith."
2024,Jamaica,jamaica,22,cases,,count,Section 1. Life,a. Extrajudicial Killings,rules,"Following investigations by the Independent Commission of Investigations (INDECOM), between January and September the Office of the Director of Public Prosecutions brought charges in 22 cases of unlawful or arbitrary killings involving Jamaica Constabulary Force (JCF) officers, Department of Corrections officers, and military personnel."
2024,Jamaica,jamaica,30,percent,approximately,percentage,Section 2. Liberty,b. Worker Rights,rules,Local think tanks and labor leaders estimated the informal economy accounted for approximately 30 percent of the labor force.
2024,Jamaica,jamaica,100,prisoners,more than,count,Section 2. Liberty,c. Disappearance and Abduction,rules,INDECOM and the human rights nongovernmental organization (NGO) Stand Up Jamaica estimated there were more than 100 prisoners with mental disabilities deemed unfit to plead due to mental illness who were similarly incarcerated indefinitely.
2024,Jamaica,jamaica,709,complaints,,count,Section 3. Security of the Person,"a. Torture and Cruel, Inhuman, or Degrading Treatment or Punishment",rules,"Between January and September 5, INDECOM received 709 complaints of police abuse, most involving intimidation, excessive physical force in restraint, and restricted access to medical treatment."
2024,Jamaica,jamaica,500,persons,approximately,count,Section 3. Security of the Person,d. Acts of Antisemitism and Antisemitic Incitement,rules,Approximately 500 persons in the country practiced Judaism.
2024,Japan,japan,11,individuals,,count,Section 1. Life,b. Coercion in Population Control,rules,"On July 3, the Supreme Court ordered the government to pay “suitable compensation” to 11 individuals who were forcibly sterilized under the Eugenics Protection Law, in place from 1948 to 1996."
2024,Japan,japan,13,cases,,count,Section 1. Life,b. Coercion in Population Control,rules,"As of September, 13 cases involving 28 other litigants were still pending."
2024,Japan,japan,25000,persons,approximately,count,Section 1. Life,b. Coercion in Population Control,rules,"A June 2023 report from the Diet (parliament) stated approximately 25,000 persons were subjected to forced sterilization under the Eugenics Protection Law, including persons with disabilities, hereditary diseases, physical deformities, and leprosy."
2024,Japan,japan,68,percent,approximately,percentage,Section 2. Liberty,b. Worker Rights,rules,"According to the government’s Labor Force Survey (2023), the percentage of nonregular workers who were women remained high and stable at approximately 68 percent since 2005."
2024,Japan,japan,34,percent,,percentage,Section 2. Liberty,b. Worker Rights,rules,"According to the Statistics Bureau of the Ministry of Internal Affairs and Communications, 34 percent of individuals ages 70-74 and 11.4 percent of individuals over age 75 worked."
2024,Japan,japan,11.4,percent,,percentage,Section 2. Liberty,b. Worker Rights,rules,"According to the Statistics Bureau of the Ministry of Internal Affairs and Communications, 34 percent of individuals ages 70-74 and 11.4 percent of individuals over age 75 worked."
2024,Japan,japan,13.6,percent,,percentage,Section 2. Liberty,b. Worker Rights,rules,Persons 65 and older comprised 13.6 percent of the country’s workforce in 2022.
2024,Japan,japan,78,percent,,percentage,Section 3. Security of the Person,c. Protection to Refugees,rules,"Of the 303 recognized refugees (an increase from 202 in 2022), 78 percent were Afghans."
2024,Japan,japan,25,percent,,percentage,Section 3. Security of the Person,c. Protection to Refugees,rules,"Legal experts, researchers, and human rights activists questioned the impartiality of the appeals process, pointing out, for example, government statistics showing a single refugee examination counselor screened 25 percent of appeals in 2022 and 20 percent in 2021, although there were approximately 110 refugee examination counselors."
2024,Japan,japan,20,percent,,percentage,Section 3. Security of the Person,c. Protection to Refugees,rules,"Legal experts, researchers, and human rights activists questioned the impartiality of the appeals process, pointing out, for example, government statistics showing a single refugee examination counselor screened 25 percent of appeals in 2022 and 20 percent in 2021, although there were approximately 110 refugee examination counselors."
2024,Japan,japan,110,refugee,approximately,count,Section 3. Security of the Person,c. Protection to Refugees,rules,"Legal experts, researchers, and human rights activists questioned the impartiality of the appeals process, pointing out, for example, government statistics showing a single refugee examination counselor screened 25 percent of appeals in 2022 and 20 percent in 2021, although there were approximately 110 refugee examination counselors."
2024,Japan,japan,18,refugees,,count,Section 3. Security of the Person,c. Protection to Refugees,rules,Resettlement The government accepted 18 refugees from 11 households for third-country resettlement on September 25.
2024,Japan,japan,11,households,,count,Section 3. Security of the Person,c. Protection to Refugees,rules,Resettlement The government accepted 18 refugees from 11 households for third-country resettlement on September 25.
2024,Jordan,jordan,35,persons,at least,count,Section 2. Liberty,a. Freedom of the Press,rules,"On February 1, the NGO Access Now reported it confirmed through forensic investigations that authorities targeted at least 35 persons in the country between 2019 and September 2023 using spyware provided by NSO Group cyber security company, including human rights lawyers, activists, politicians, and 16 journalists."
2024,Jordan,jordan,16,journalists,,count,Section 2. Liberty,a. Freedom of the Press,rules,"On February 1, the NGO Access Now reported it confirmed through forensic investigations that authorities targeted at least 35 persons in the country between 2019 and September 2023 using spyware provided by NSO Group cyber security company, including human rights lawyers, activists, politicians, and 16 journalists."
2024,Jordan,jordan,97,percent,,percentage,Section 2. Liberty,a. Freedom of the Press,rules,A local NGO reported 97 percent of Jordanian journalists surveyed believed their colleagues in the country practiced self-censorship because they were moderately or extremely afraid of retaliation in their personal or professional lives.
2024,Jordan,jordan,1311,workers,,count,Section 2. Liberty,b. Worker Rights,rules,"Aseel owed 1,311 workers (854 of whom were migrants) two million dinars ($2.7 million), which the fashion companies Aseel produced for eventually paid."
2024,Jordan,jordan,51,percent,,percentage,Section 2. Liberty,b. Worker Rights,rules,"In October, the NGO Terre des Hommes reported many child workers between ages 16 and 18 worked long hours, with 51 percent reportedly working between five to eight hours daily and many working over the weekend."
2024,Jordan,jordan,22,percent,,percentage,Section 2. Liberty,b. Worker Rights,rules,"According to the report, only 22 percent of child workers received safety training and there was weak enforcement of child labor laws."
2024,Jordan,jordan,2543,complaints,,count,Section 2. Liberty,b. Worker Rights,rules,"In the second quarter of the year, the government’s online platform received 2,543 complaints regarding various violations of the labor code."
2024,Jordan,jordan,29,complaints,,count,Section 2. Liberty,b. Worker Rights,rules,"The NCHR reported the Ministry of Labor received 29 complaints related to labor disputes, such as financial claims and requests for improvement of working conditions, during the year."
2024,Jordan,jordan,46,percent,more than,percentage,Section 2. Liberty,b. Worker Rights,rules,"The Ministry of Labor did not consistently inspect and monitor all workplaces or apply all the protections of the labor code in the informal sector, which the International Labor Organization estimated could account for more than 46 percent of the country’s workers."
2024,Jordan,jordan,29077,persons,,count,Section 2. Liberty,c. Disappearance and Abduction,rules,"According to the Ministry of Interior, during the year 29,077 persons served in administrative detention without charge or trial."
2024,Jordan,jordan,1500,protesters,more than,count,Section 2. Liberty,c. Disappearance and Abduction,rules,"In April, the National Alliance for Rights and Freedoms characterized the arrest of more than 1,500 protesters and activists between October 2023 and April as “a serious setback in the field of freedom.” Authorities released the vast majority of those arrested and dropped the charges, but dozens reportedly remained in administrative detention at year’s end."
2024,Kazakhstan,kazakhstan,36,journalists,,count,Section 2. Liberty,a. Freedom of the Press,rules,"The court deemed a post published on the ProTenge Telegram channel, which expressed support for colleagues from Azattyq news service, to be false information, specifically regarding the Ministry of Foreign Affairs’ denial of accreditation to 36 journalists."
2024,Kazakhstan,kazakhstan,90,percent,approximately,percentage,Section 2. Liberty,b. Worker Rights,rules,"The Federation of Trade Unions of the Republic of Kazakhstan (FTUK) was the largest national trade union association, with approximately 90 percent of union members on its rolls."
2024,Kazakhstan,kazakhstan,50,percent,,percentage,Section 2. Liberty,b. Worker Rights,rules,"The law limited overtime to two hours per day, or one hour per day for heavy manual labor, and required overtime to be paid at least at a 50 percent premium."
2024,Kazakhstan,kazakhstan,20,percent,more than,percentage,Section 2. Liberty,b. Worker Rights,rules,"The Ministry of Labor and Social Protection reported on the results of inspections in 2023, stating that more than 20 percent of violations were related to OSH, including insufficient labor safety trainings, a deficit of skilled employees, and lack of liability of OSH training centers for the quality of training."
2024,Kazakhstan,kazakhstan,23000,workers,,count,Section 2. Liberty,b. Worker Rights,rules,"The country had one inspector per 23,000 workers, although the ILO recommended having one inspector per 15,000 workers."
2024,Kazakhstan,kazakhstan,15000,workers,,count,Section 2. Liberty,b. Worker Rights,rules,"The country had one inspector per 23,000 workers, although the ILO recommended having one inspector per 15,000 workers."
2024,Kazakhstan,kazakhstan,30,percent,more than,percentage,Section 2. Liberty,b. Worker Rights,rules,"Of those, more than 30 percent labored on privately owned farms."
2024,Kazakhstan,kazakhstan,12,persons,at least,count,Section 2. Liberty,c. Disappearance and Abduction,rules,"On September 29, at least 12 persons were detained in Almaty and the Almaty Region."
2024,Kazakhstan,kazakhstan,283,complaints,,count,Section 3. Security of the Person,"a. Torture and Cruel, Inhuman, or Degrading Treatment or Punishment",rules,The domestic nongovernmental organization (NGO) Coalition Against Torture (CAT) noted a reduction in reported torture and mistreatment cases between 2023 (283 complaints – 165 allegations of torture and 118 of ill treatment for the calendar year) and during the year (55 complaints – 27 allegations of torture and 28 of ill treatment between January 1 and September 15).
2024,Kazakhstan,kazakhstan,55,complaints,,count,Section 3. Security of the Person,"a. Torture and Cruel, Inhuman, or Degrading Treatment or Punishment",rules,The domestic nongovernmental organization (NGO) Coalition Against Torture (CAT) noted a reduction in reported torture and mistreatment cases between 2023 (283 complaints – 165 allegations of torture and 118 of ill treatment for the calendar year) and during the year (55 complaints – 27 allegations of torture and 28 of ill treatment between January 1 and September 15).
2024,Kazakhstan,kazakhstan,21,percent,,percentage,Section 3. Security of the Person,"a. Torture and Cruel, Inhuman, or Degrading Treatment or Punishment",rules,"The human rights ombudsperson reported a 21 percent drop in registered torture complaints, with 219 registered in the first eight months of the year compared with 315 for the same period of 2023."
2024,Kazakhstan,kazakhstan,44,individuals,,count,Section 3. Security of the Person,"a. Torture and Cruel, Inhuman, or Degrading Treatment or Punishment",rules,"On September 16, the Almaty Region District Court announced the indictment of six police officers accused of torturing 44 individuals, including citizens of the country, Kyrgyzstan, and Uzbekistan, at a special detention center in the village of Koshmambet in January 2022."
2024,Kazakhstan,kazakhstan,1200,girls,approximately,count,Section 3. Security of the Person,b. Protection of Children,rules,"According to local media, approximately 1,200 girls per year were married underage in religious ceremonies and then registered officially as married when the bride reached the legal age."
2024,Kazakhstan,kazakhstan,669,refugees,,count,Section 3. Security of the Person,c. Protection to Refugees,rules,"According to UNHCR data, as of June, there were 669 refugees and asylum seekers in the country."
2024,Kazakhstan,kazakhstan,20000,persons,,count,Section 3. Security of the Person,d. Acts of Antisemitism and Antisemitic Incitement,rules,"Leaders of the Jewish community estimated that the country’s Jewish population was 20,000 persons."
2024,Kenya,kenya,60,deaths,,count,Section 1. Life,a. Extrajudicial Killings,rules,The government-mandated Kenya National Commission on Human Rights (KNCHR) recorded 60 deaths during the protests.
2024,Kenya,kenya,42,persons,,count,Section 1. Life,a. Extrajudicial Killings,rules,"In September, the Interior Ministry’s cabinet secretary told a parliamentary committee that 42 persons lost their lives during the protests."
2024,Kenya,kenya,50,deaths,,count,Section 1. Life,a. Extrajudicial Killings,rules,"The Independent Policing Oversight Authority (IPOA), a government entity, announced investigations into police conduct during the Gen Z protests that IPOA claimed led to 50 deaths and 199 injuries."
2024,Kenya,kenya,80,percent,more than,percentage,Section 2. Liberty,b. Worker Rights,rules,"More than 80 percent of employees worked in the informal sector, according to World Bank data."
2024,Kenya,kenya,82,cases,,count,Section 2. Liberty,c. Disappearance and Abduction,rules,"The KNCHR reported 82 cases of abductions or enforced disappearances since June, with 29 persons still missing as of December."
2024,Kenya,kenya,29,persons,,count,Section 2. Liberty,c. Disappearance and Abduction,rules,"The KNCHR reported 82 cases of abductions or enforced disappearances since June, with 29 persons still missing as of December."
2024,Kenya,kenya,8,arrests,,count,Section 2. Liberty,c. Disappearance and Abduction,rules,The May 8 arrests of 27 human rights defenders during a meeting in the Mathare Social Justice Center and Ghetto Foundation offices was dismissed by the Madaraka law courts on May 9 for insufficient evidence.
2024,Kenya,kenya,39,percent,more than,percentage,Section 2. Liberty,c. Disappearance and Abduction,rules,"During the year, more than 39 percent of inmates were pretrial detainees."
2024,Kenya,kenya,601,protesters,,count,Section 3. Security of the Person,"a. Torture and Cruel, Inhuman, or Degrading Treatment or Punishment",rules,The KNCHR reported 601 protesters were injured during the protests.
2024,Kenya,kenya,97,women,at least,count,Section 3. Security of the Person,"a. Torture and Cruel, Inhuman, or Degrading Treatment or Punishment",rules,"In February and December, there were nationwide protests against femicide, and in October, Police Service Deputy Inspector General Eliud Kipkoech Lagat reported at least 97 women had been killed in the preceding three months."
2024,Kenya,kenya,42,women,,count,Section 3. Security of the Person,"a. Torture and Cruel, Inhuman, or Degrading Treatment or Punishment",rules,"In July, Collins Khalusa confessed to killing 42 women, after several bodies were found in a quarry, but Khalusa later retracted the confession, which he claimed was made under duress."
2024,Kenya,kenya,25,percent,,percentage,Section 3. Security of the Person,b. Protection of Children,rules,"According to UNICEF, 25 percent of girls were married by age 18."
2024,Kiribati,kiribati,80,percent,approximately,percentage,Section 2. Liberty,b. Worker Rights,rules,"The Public Service Office set wages in the public sector, which comprised approximately 80 percent of employment in the formal economy."
2024,Kiribati,kiribati,80,percent,an estimated,percentage,Section 2. Liberty,b. Worker Rights,rules,"An estimated 80 percent of the working population worked in the informal sector, involved in agriculture, fishing, food preparation and sales, and home-based activities."
2024,Kiribati,kiribati,18,percent,,percentage,Section 3. Security of the Person,b. Protection of Children,rules,"The law was generally respected in urban areas; however, 18 percent of women ages 20 to 24 reported they were first married or in a union before age 18, and 2 percent reported they were first married or in a union before age 15."
2024,Kiribati,kiribati,2,percent,,percentage,Section 3. Security of the Person,b. Protection of Children,rules,"The law was generally respected in urban areas; however, 18 percent of women ages 20 to 24 reported they were first married or in a union before age 18, and 2 percent reported they were first married or in a union before age 15."
2024,Kosovo,kosovo,1671,victims,more than,count,Section 1. Life,"c. War Crimes, Crimes Against Humanity, and Evidence of Acts that May Constitute Genocide",rules,"The commission granted financial compensation to more than 1,671 victims since 2018, including 75 during the year as of September 5, although there were an estimated 20,000 victims of conflict-related sexual violence."
2024,Kosovo,kosovo,20000,victims,an estimated,count,Section 1. Life,"c. War Crimes, Crimes Against Humanity, and Evidence of Acts that May Constitute Genocide",rules,"The commission granted financial compensation to more than 1,671 victims since 2018, including 75 during the year as of September 5, although there were an estimated 20,000 victims of conflict-related sexual violence."
2024,Kosovo,kosovo,19,cases,,count,Section 2. Liberty,a. Freedom of the Press,rules,"As of September 17, Kosovo Police reported 19 cases of “incitement of hatred and ethnic division” were under investigation."
2024,Kosovo,kosovo,71,percent,,percentage,Section 2. Liberty,b. Worker Rights,rules,"Agency of Statistics data indicated that as of the fourth quarter of 2023, 71 percent of employees worked between 40-48 hours weekly, 9.2 percent worked between 49-59 hours weekly, and 7.8 percent worked more than 60 hours."
2024,Kosovo,kosovo,9.2,percent,,percentage,Section 2. Liberty,b. Worker Rights,rules,"Agency of Statistics data indicated that as of the fourth quarter of 2023, 71 percent of employees worked between 40-48 hours weekly, 9.2 percent worked between 49-59 hours weekly, and 7.8 percent worked more than 60 hours."
2024,Kosovo,kosovo,7.8,percent,,percentage,Section 2. Liberty,b. Worker Rights,rules,"Agency of Statistics data indicated that as of the fourth quarter of 2023, 71 percent of employees worked between 40-48 hours weekly, 9.2 percent worked between 49-59 hours weekly, and 7.8 percent worked more than 60 hours."
2024,Kosovo,kosovo,32,percent,,percentage,Section 2. Liberty,b. Worker Rights,rules,"There were no reliable official statistics on the informal economy, but a 2022 EU-commissioned report estimated the informal sector and black market comprised 32 percent of GDP."
2024,Kosovo,kosovo,1607,persons,,count,Section 2. Liberty,c. Disappearance and Abduction,rules,"As of November 26, the government’s Missing Persons Commission listed 1,607 persons who disappeared during the 1998-99 conflict and the political violence that followed."
2024,Kosovo,kosovo,70,percent,approximately,percentage,Section 2. Liberty,c. Disappearance and Abduction,rules,"The commission estimated approximately 70 percent of the missing persons were ethnic Albanians and 30 percent were Serbs, Roma, Ashkali, Balkan- Egyptians, Bosniaks, Goranis, Montenegrins, or others."
2024,Kosovo,kosovo,30,percent,,percentage,Section 2. Liberty,c. Disappearance and Abduction,rules,"The commission estimated approximately 70 percent of the missing persons were ethnic Albanians and 30 percent were Serbs, Roma, Ashkali, Balkan- Egyptians, Bosniaks, Goranis, Montenegrins, or others."
2024,Kuwait,kuwait,100,workers,,count,Section 2. Liberty,b. Worker Rights,rules,The law stipulated any new union had to include a minimum of 100 workers and that at least 15 had to be citizens.
2024,Kuwait,kuwait,80,percent,more than,percentage,Section 2. Liberty,b. Worker Rights,rules,"Union rights were limited for foreign workers, who constituted more than 80 percent of the workforce."
2024,Kuwait,kuwait,125,percent,,percentage,Section 2. Liberty,b. Worker Rights,rules,Workers were entitled to 125 percent of base pay for working overtime and 150 percent of base pay for working on their designated weekly day off.
2024,Kuwait,kuwait,150,percent,,percentage,Section 2. Liberty,b. Worker Rights,rules,Workers were entitled to 125 percent of base pay for working overtime and 150 percent of base pay for working on their designated weekly day off.
2024,Kuwait,kuwait,94,workers,,count,Section 2. Liberty,b. Worker Rights,rules,"The report noted 94 workers were present at these sites, and 41 companies complied with requirements after corrective actions."
2024,Kyrgyz Republic,kyrgyz-republic,200,percent,,percentage,Section 2. Liberty,b. Worker Rights,rules,The labor code also stated workers engaged in overtime work had to receive compensatory leave or premium pay of between 150 and 200 percent of the hourly wage.
2024,Kyrgyz Republic,kyrgyz-republic,30,percent,an estimated,percentage,Section 2. Liberty,b. Worker Rights,rules,"In 2023, an estimated 30 percent of the population worked in the formal economy, while the rest worked in the informal economy, which the International Monetary Fund estimated to be equivalent to more than 40 percent of GDP."
2024,Kyrgyz Republic,kyrgyz-republic,40,percent,more than,percentage,Section 2. Liberty,b. Worker Rights,rules,"In 2023, an estimated 30 percent of the population worked in the formal economy, while the rest worked in the informal economy, which the International Monetary Fund estimated to be equivalent to more than 40 percent of GDP."
2024,Kyrgyz Republic,kyrgyz-republic,600,persons,approximately,count,Section 2. Liberty,c. Disappearance and Abduction,rules,"Human rights organizations reported authorities unfairly targeted and arrested ethnic Uzbeks for alleged involvement in banned religious organizations and for alleged “religious extremism activity.” On February 9, the government passed a Law on Amnesty that pardoned approximately 600 persons, many of whom were convicted of possessing material deemed extremist by government authorities."
2024,Kyrgyz Republic,kyrgyz-republic,18,cases,at least,count,Section 2. Liberty,c. Disappearance and Abduction,rules,"As in previous years, NGOs and monitoring organizations, including Golos Svobody and Spravedlivost, recorded complaints of arbitrary arrest, with Bir Duino Osh documenting at least 18 cases in the southern part of the country."
2024,Kyrgyz Republic,kyrgyz-republic,1720,persons,approximately,count,Section 2. Liberty,c. Disappearance and Abduction,rules,"As of January 1, authorities held approximately 1,720 persons in seven pretrial detention facilities."
2024,Kyrgyz Republic,kyrgyz-republic,12,cases,,count,Section 3. Security of the Person,"a. Torture and Cruel, Inhuman, or Degrading Treatment or Punishment",rules,"Based on the results of these inspections, the Prosecutor General’s Office filed 12 cases resulting in convictions and disciplinary action for six officers."
2024,Kyrgyz Republic,kyrgyz-republic,13,percent,,percentage,Section 3. Security of the Person,b. Protection of Children,rules,"In 2021, the United Nations estimated that 13 percent of girls under 18 were married."
2024,Kyrgyz Republic,kyrgyz-republic,25476,persons,,count,Section 3. Security of the Person,c. Protection to Refugees,rules,"UNHCR reported there were 25,476 persons in refugee-like conditions in the country because they lived outside their home country or territory of origin and faced protection risks but for whom refugee status was, for practical or other reasons, not ascertained."
2024,Kyrgyz Republic,kyrgyz-republic,113,refugees,,count,Section 3. Security of the Person,c. Protection to Refugees,rules,"In September, UNHCR reported 113 refugees, mostly from Afghanistan, who had been granted UNHCR mandate status; 272 convention refugees, including 188 from Afghanistan and 20 from Ukraine; and 2,482 asylum seekers in the country, including 220 from Afghanistan."
2024,Laos,laos,50,percent,,percentage,Section 2. Liberty,b. Worker Rights,rules,Workers in some special economic zones (SEZs) were paid only 50 percent of the minimum wage.
2024,Laos,laos,83,percent,more than,percentage,Section 2. Liberty,b. Worker Rights,rules,"In January, the International Labor Organization estimated more than 83 percent of workers were employed in the informal sector, mainly in agriculture, construction, wholesale and retail trade, and household domestic work."
2024,Laos,laos,6,percent,,percentage,Section 3. Security of the Person,b. Protection of Children,rules,"According to the 2023 Lao Social Indicator Survey III, published in January 2024, 6 percent of women were younger than 15 and 30 percent were younger than 18 when were married; for men, 1 percent under 15 and 10 percent were under 18 when married."
2024,Laos,laos,30,percent,,percentage,Section 3. Security of the Person,b. Protection of Children,rules,"According to the 2023 Lao Social Indicator Survey III, published in January 2024, 6 percent of women were younger than 15 and 30 percent were younger than 18 when were married; for men, 1 percent under 15 and 10 percent were under 18 when married."
2024,Laos,laos,1,percent,,percentage,Section 3. Security of the Person,b. Protection of Children,rules,"According to the 2023 Lao Social Indicator Survey III, published in January 2024, 6 percent of women were younger than 15 and 30 percent were younger than 18 when were married; for men, 1 percent under 15 and 10 percent were under 18 when married."
2024,Laos,laos,10,percent,,percentage,Section 3. Security of the Person,b. Protection of Children,rules,"According to the 2023 Lao Social Indicator Survey III, published in January 2024, 6 percent of women were younger than 15 and 30 percent were younger than 18 when were married; for men, 1 percent under 15 and 10 percent were under 18 when married."
2024,Latvia,latvia,25,percent,,percentage,Section 2. Liberty,b. Worker Rights,rules,Unions could not have fewer than 15 members or less than 25 percent of the total number of employees in the company (which could not be fewer than five).
2024,Latvia,latvia,100,percent,,percentage,Section 2. Liberty,b. Worker Rights,rules,"The law required a minimum of 100 percent premium pay in compensation for overtime, unless the parties agreed to other forms of compensation in a contract, but this requirement was rarely enforced."
2024,Latvia,latvia,23,percent,approximately,percentage,Section 2. Liberty,b. Worker Rights,rules,"OSH standards and labor laws were not always enforced in the informal economy, which equaled approximately 23 percent of the total economy."
2024,Lebanon,lebanon,37,persons,,count,Section 1. Life,a. Extrajudicial Killings,rules,"Alleged Israeli attacks on Hizballah affiliates on September 17 and September 18 via exploding pager devices and walkie-talkies across the country reportedly killed 37 persons – including at least two children – and injured 2,931 others."
2024,Lebanon,lebanon,3961,persons,,count,Section 1. Life,"c. War Crimes, Crimes against Humanity, and Evidence of Acts that May Constitute Genocide, or Conflict-Related",rules,"Expanded Israeli airstrike campaigns targeting Hizballah starting on September 23 and an Israeli ground incursion in the south starting on October 1 killed 3,961 persons and injured 16,520 between October 8, 2023, and November 28, 2024, according to Ministry of Public Health data, which did not disaggregate civilians and Hizballah militants."
2024,Lebanon,lebanon,52,persons,,count,Section 1. Life,"c. War Crimes, Crimes against Humanity, and Evidence of Acts that May Constitute Genocide, or Conflict-Related",rules,"On October 16, an Israeli airstrike on the municipal building of the town of Nabatieh killed Ahmad Kahil, the town’s mayor, and 15 others and injured 52 persons, according to the Ministry of Public Health."
2024,Lebanon,lebanon,899725,persons,,count,Section 1. Life,"c. War Crimes, Crimes against Humanity, and Evidence of Acts that May Constitute Genocide, or Conflict-Related",rules,"Israeli defense officials stated Hizballah militants were present in the building and announced the incident was “under review.” Between October 8, 2023, and November 25, according to the International Organization for Migration, 899,725 persons in the country became internally displaced due to the fighting."
2024,Lebanon,lebanon,150,percent,,percentage,Section 2. Liberty,b. Worker Rights,rules,The law permitted a 12-hour day under certain conditions but stipulated that overtime pay should be 150 percent of normal pay.
2024,Lebanon,lebanon,78,percent,,percentage,Section 2. Liberty,b. Worker Rights,rules,"The most recent available data, from a 2021 report by the International Labor Organization, estimated 78 percent of total employment was informal and not subject to labor legislation, income taxation, social protection, or entitlements such as paid leave."
2024,Lebanon,lebanon,83,percent,,percentage,Section 2. Liberty,c. Disappearance and Abduction,rules,"In September, the CLDH reported 83 percent of inmates were in pretrial detention according to information from the Prisons Committee of the Beirut Bar Association."
2024,Lebanon,lebanon,77,cases,at least,count,Section 3. Security of the Person,"a. Torture and Cruel, Inhuman, or Degrading Treatment or Punishment",rules,The CLDH documented at least 77 cases of torture by security forces during the year.
2024,Lesotho,lesotho,50,percent,,percentage,Section 2. Liberty,b. Worker Rights,rules,"The law provided for unions to operate without interference, although only unions with a 50 percent membership were permitted access to work sites to perform union duties."
2024,Lesotho,lesotho,50,percent,at least,percentage,Section 2. Liberty,b. Worker Rights,rules,The law required any union entering negotiations with management to represent at least 50 percent of workers.
2024,Lesotho,lesotho,50,percent,,percentage,Section 2. Liberty,b. Worker Rights,rules,United Textile employees reported some employers were not willing to bargain with the trade union although they met the 50 percent threshold stated in the law.
2024,Lesotho,lesotho,51,percent,,percentage,Section 2. Liberty,b. Worker Rights,rules,Only a registered union with a 51 percent majority of staff as determined by the union could call a strike on a “dispute of interest” (a demand that went beyond terms and conditions established by law or an existing contract).
2024,Lesotho,lesotho,785,cases,,count,Section 2. Liberty,b. Worker Rights,rules,"During the year, 785 cases were added, but only 177 cases were adjudicated because the court had a backlog of 608 cases, some dating from 2017."
2024,Lesotho,lesotho,177,cases,,count,Section 2. Liberty,b. Worker Rights,rules,"During the year, 785 cases were added, but only 177 cases were adjudicated because the court had a backlog of 608 cases, some dating from 2017."
2024,Lesotho,lesotho,608,cases,,count,Section 2. Liberty,b. Worker Rights,rules,"During the year, 785 cases were added, but only 177 cases were adjudicated because the court had a backlog of 608 cases, some dating from 2017."
2024,Lesotho,lesotho,645,cases,,count,Section 2. Liberty,b. Worker Rights,rules,A total of 645 cases were resolved during the year.
2024,Lesotho,lesotho,15,percent,,percentage,Section 2. Liberty,b. Worker Rights,rules,Throughout the year textile union workers requested a 15 percent salary increase.
2024,Lesotho,lesotho,5,percent,,percentage,Section 2. Liberty,b. Worker Rights,rules,"Private-sector employers, through their representatives on the Wage Advisory Board, offered a 5 percent increase for all sectors."
2024,Lesotho,lesotho,5,percent,,percentage,Section 2. Liberty,b. Worker Rights,rules,"On April 5, Minister of Labour Tseliso Mokhosi announced a 5 percent salary increase for all private-sector workers."
2024,Lesotho,lesotho,25,percent,,percentage,Section 2. Liberty,b. Worker Rights,rules,The law required the premium pay for overtime be at a rate not less than 25 percent more than the employee’s normal hourly wage rate.
2024,Lesotho,lesotho,500000,workers,approximately,count,Section 2. Liberty,b. Worker Rights,rules,"The Labour Act enacted during the year provided the Ministry of Labour with jurisdiction over the informal economy, where an estimated one-half of the country’s approximately 500,000 workers were employed."
2024,Lesotho,lesotho,28,percent,,percentage,Section 2. Liberty,c. Disappearance and Abduction,rules,Pretrial detainees constituted 28 percent of the prison population.
2024,Lesotho,lesotho,650,inmates,,count,Section 3. Security of the Person,"a. Torture and Cruel, Inhuman, or Degrading Treatment or Punishment",rules,"Among other reported abuses, on March 19, the ombudsperson reported that after a prison break 114 LCS cadets in December 2023 “abused, mistreated, tortured, and beat approximately 300 out of 650 inmates” detained at Maseru Central Correctional Institution during a routine search operation."
2024,Liberia,liberia,150,percent,,percentage,Section 2. Liberty,b. Worker Rights,rules,The law provided for a maximum of five hours of overtime in any week at a rate of 150 percent of the normal rate.
2024,Liberia,liberia,10,persons,,count,Section 2. Liberty,b. Worker Rights,rules,"For example, on March 27, local media reported the death of 10 persons during a mudslide at an artisanal mine site on the outskirts of Chio Town in Rivercess County."
2024,Liberia,liberia,90,percent,,percentage,Section 2. Liberty,b. Worker Rights,rules,The World Bank reported 90 percent of the population worked in the informal sector.
2024,Liberia,liberia,60,percent,approximately,percentage,Section 2. Liberty,c. Disappearance and Abduction,rules,"Approximately 60 percent of pretrial detainees, especially those held for felony offenses, were detained for more than two terms of court, or approximately 180 days, without a hearing."
2024,Liberia,liberia,50,percent,,percentage,Section 3. Security of the Person,"a. Torture and Cruel, Inhuman, or Degrading Treatment or Punishment",rules,"According to UN Women, 50 percent of rural girls and women ages 15 to 49 had undergone FGM/C."
2024,Libya,libya,10,men,at least,count,Section 1. Life,a. Extrajudicial Killings,rules,"In February, local press reported the killing of at least 10 men in a house in Tripoli’s Abu Salim neighborhood."
2024,Libya,libya,60,cases,at least,count,Section 2. Liberty,c. Disappearance and Abduction,rules,"As of June, OHCHR and UNSMIL had verified at least 60 cases of arbitrary detention for “the peaceful expression of political views.” The report stated the figure was likely higher, and arrests continued throughout the year."
2024,Libya,libya,25,women,at least,count,Section 2. Liberty,c. Disappearance and Abduction,rules,"In a statement following the arrests, UNSMIL stressed the urgent need to “guarantee the safety of Central Bank employees and protect them from threats and arbitrary arrest.” In his April report on UNSMIL, the UN Secretary General noted at least 25 women and 24 children allegedly associated with the Islamic State remained in arbitrary detention without due process or access to basic services."
2024,Libya,libya,24,children,,count,Section 2. Liberty,c. Disappearance and Abduction,rules,"In a statement following the arrests, UNSMIL stressed the urgent need to “guarantee the safety of Central Bank employees and protect them from threats and arbitrary arrest.” In his April report on UNSMIL, the UN Secretary General noted at least 25 women and 24 children allegedly associated with the Islamic State remained in arbitrary detention without due process or access to basic services."
2024,Libya,libya,60,percent,more than,percentage,Section 2. Liberty,c. Disappearance and Abduction,rules,"In an August report, UNSMIL estimated pretrial detainees constituted more than 60 percent of the prison population."
2024,Libya,libya,1300,migrants,,count,Section 3. Security of the Person,"a. Torture and Cruel, Inhuman, or Degrading Treatment or Punishment",rules,"The reported investigation documented violations affecting 1,300 migrants, including cases of torture, forced detention, and extortion."
2024,Libya,libya,30,percent,approximately,percentage,Section 3. Security of the Person,c. Protection to Refugees,rules,"According to UNHCR, the total number of registered refugees and asylum seekers in the country as of September was 66,679, an approximately 30 percent increase from 2023 largely driven by refugees fleeing the Sudan conflict."
2024,Liechtenstein,liechtenstein,25,individuals,approximately,count,Section 3. Security of the Person,d. Acts of Antisemitism and Antisemitic Incitement,rules,The Jewish community consisted of approximately 25 individuals.
2024,Lithuania,lithuania,2371,persons,,count,Section 2. Liberty,b. Worker Rights,rules,"During the first half of the year, the Labor Inspectorate identified 2,371 persons who worked illegally in companies, farms, and for private individuals."
2024,Lithuania,lithuania,12.6,percent,approximately,percentage,Section 2. Liberty,b. Worker Rights,rules,"According to the National Statistics Department, in 2022, unofficial economic activity accounted for approximately 12.6 percent of GDP."
2024,Lithuania,lithuania,22300,individuals,more than,count,Section 3. Security of the Person,c. Protection to Refugees,rules,"The State Border Guard Service estimated they refused entry to more than 22,300 individuals who attempted entry into Lithuania from Belarus since 2021."
2024,Lithuania,lithuania,2256,persons,,count,Section 3. Security of the Person,d. Acts of Antisemitism and Antisemitic Incitement,rules,"The Jewish community consisted of 2,256 persons based on 2021 census data."
2024,Luxembourg,luxembourg,90,percent,nearly,percentage,Section 2. Liberty,b. Worker Rights,rules,"The service sector dominated the economy, employing nearly 90 percent of the workforce."
2024,Luxembourg,luxembourg,1500,persons,approximately,count,Section 3. Security of the Person,d. Acts of Antisemitism and Antisemitic Incitement,rules,"The Jewish community numbered approximately 1,500 persons."
2024,Luxembourg,luxembourg,36,incidents,,count,Section 3. Security of the Person,d. Acts of Antisemitism and Antisemitic Incitement,rules,The report described 36 incidents of antisemitism in the country through the October 2023 Hamas terrorist attack on Israel.
2024,Luxembourg,luxembourg,108,incidents,,count,Section 3. Security of the Person,d. Acts of Antisemitism and Antisemitic Incitement,rules,"RIAL reported 108 incidents in the period following the Hamas attack, with most occurring on social media in which they glorified the October 7 terrorist attacks and called for the destruction of Israel."
2024,Luxembourg,luxembourg,14,minor,,count,Section 3. Security of the Person,d. Acts of Antisemitism and Antisemitic Incitement,rules,"Additionally, 14 minor incidents such as provocations happened in public spaces, according to RIAL."
2024,Madagascar,madagascar,95,percent,,percentage,Section 2. Liberty,b. Worker Rights,rules,"The informal sector made up 95 percent of employment in the country, according to available data, with most persons self-employed in fishing, forestry, and agriculture at the subsistence level."
2024,Madagascar,madagascar,47,percent,approximately,percentage,Section 2. Liberty,c. Disappearance and Abduction,rules,"As of October 2023, approximately 47 percent of inmates nationwide were in pretrial detention, according to the Ministry of Justice."
2024,Malawi,malawi,94,percent,,percentage,Section 2. Liberty,b. Worker Rights,rules,"Of the 72 registered unions, 68 had registered collective bargaining agreements, representing 94 percent coverage across various sectors."
2024,Malawi,malawi,20,percent,at least,percentage,Section 2. Liberty,b. Worker Rights,rules,"The law required at least 20 percent of employees (excluding senior managerial staff) belong to a union before it could engage in collective bargaining at the enterprise (factory) level, and at least 15 percent of employees were required to be union members for collective bargaining at the sector (industry) level."
2024,Malawi,malawi,15,percent,at least,percentage,Section 2. Liberty,b. Worker Rights,rules,"The law required at least 20 percent of employees (excluding senior managerial staff) belong to a union before it could engage in collective bargaining at the enterprise (factory) level, and at least 15 percent of employees were required to be union members for collective bargaining at the sector (industry) level."
2024,Malawi,malawi,88,percent,more than,percentage,Section 2. Liberty,b. Worker Rights,rules,More than 88 percent of the workforce was engaged in the informal sector.
2024,Malawi,malawi,174,inmates,,count,Section 3. Security of the Person,,rules,"The NGO Centre for Human Rights Education, Advice, and Assistance stated that from January to August, it provided free legal assistance to 174 inmates who claimed to have been tortured in various detention centers."
2024,Malawi,malawi,46,percent,,percentage,Section 3. Security of the Person,b. Protection of Children,rules,"According to UNICEF, 46 percent of girls were married before age 18, and 9 percent of girls were married before age 15."
2024,Malawi,malawi,9,percent,,percentage,Section 3. Security of the Person,b. Protection of Children,rules,"According to UNICEF, 46 percent of girls were married before age 18, and 9 percent of girls were married before age 15."
2024,Malawi,malawi,16000,persons,at least,count,Section 3. Security of the Person,c. Protection to Refugees,rules,"At least 16,000 persons waited more than three years for a refugee status determination."
2024,Malaysia,malaysia,60,percent,,percentage,Section 2. Liberty,b. Worker Rights,rules,Amendments to the Trade Unions Act set a 60 percent minimum yes vote in a secret ballot by union members eligible to vote and employed at the workplace involved to authorize a strike.
2024,Malaysia,malaysia,6,percent,approximately,percentage,Section 2. Liberty,b. Worker Rights,rules,"The Trades Union Congress reported that approximately 6 percent of the country’s workers were in unions, and fewer than 2 percent were covered by collective bargaining agreements."
2024,Malaysia,malaysia,2,percent,fewer than,percentage,Section 2. Liberty,b. Worker Rights,rules,"The Trades Union Congress reported that approximately 6 percent of the country’s workers were in unions, and fewer than 2 percent were covered by collective bargaining agreements."
2024,Malaysia,malaysia,40,workers,more than,count,Section 2. Liberty,b. Worker Rights,rules,"It required employers to identify risks and take precautions, including providing safety training to workers, and compelled companies with more than 40 workers to establish joint management-employee safety committees."
2024,Malaysia,malaysia,34,individuals,,count,Section 2. Liberty,c. Disappearance and Abduction,rules,"In November, during the RMP's investigation into Global Ikhwan Services and Business for child sexual exploitation and trafficking offenses, authorities rearrested 34 individuals under the Security Offences (Special Measures) Act (SOSMA), which was intended to address serious national security threats, after the suspects' initial 28-day remand period under the same act expired."
2024,Malaysia,malaysia,93,percent,,percentage,Section 3. Security of the Person,"a. Torture and Cruel, Inhuman, or Degrading Treatment or Punishment",rules,A March report by the NGO Orchid Project estimated 93 percent of ethnic Malay Muslim women and girls in the country were subjected to the practice.
2024,Malaysia,malaysia,83,percent,,percentage,Section 3. Security of the Person,b. Protection of Children,rules,In January the government said the roadmap led to a decline in child marriages in Selangor State by 83 percent between 2018-2022.
2024,Maldives,maldives,16,complaints,,count,Section 2. Liberty,a. Freedom of the Press,rules,"In February, the Maldives Media Council (MMC) assured action would be taken against three unregistered news websites in response to 16 complaints from the President’s Office and government ministries."
2024,Maldives,maldives,19,percent,,percentage,Section 2. Liberty,b. Worker Rights,rules,"According to the government, 19 percent of the total working population was engaged in informal employment in 2023, with 62 percent of those self- employed and not covered by wage, hour, or OSH inspections."
2024,Maldives,maldives,62,percent,,percentage,Section 2. Liberty,b. Worker Rights,rules,"According to the government, 19 percent of the total working population was engaged in informal employment in 2023, with 62 percent of those self- employed and not covered by wage, hour, or OSH inspections."
2024,Maldives,maldives,90,complaints,,count,Section 3. Security of the Person,"a. Torture and Cruel, Inhuman, or Degrading Treatment or Punishment",rules,"As of October, the Human Rights Commission of Maldives (HRCM) reported receiving 90 complaints of torture, of which the HRCM continued investigating 45 cases, closed 24 due to lack of evidence, and did not register 13 of the complaints as official cases for investigation."
2024,Maldives,maldives,45,cases,,count,Section 3. Security of the Person,"a. Torture and Cruel, Inhuman, or Degrading Treatment or Punishment",rules,"As of October, the Human Rights Commission of Maldives (HRCM) reported receiving 90 complaints of torture, of which the HRCM continued investigating 45 cases, closed 24 due to lack of evidence, and did not register 13 of the complaints as official cases for investigation."
2024,Maldives,maldives,11,complaints,,count,Section 3. Security of the Person,"a. Torture and Cruel, Inhuman, or Degrading Treatment or Punishment",rules,"As of October, the HRCM continued to investigate 11 complaints of torture received in 2023 and had sought charges in three of more than 100 total complaints."
2024,Maldives,maldives,27,cases,,count,Section 3. Security of the Person,"a. Torture and Cruel, Inhuman, or Degrading Treatment or Punishment",rules,"As of July, the Prosecutor General’s Office reported receiving 27 cases of torture for consideration of charges, 13 of which involved torture while in state custody and nine involved incidents occurring during arrest by police."
2024,Mali,mali,26,individuals,at least,count,Section 1. Life,a. Extrajudicial Killings,rules,"On July 21, militants with suspected ties to JNIM attacked the village of Dembo-Songho in the Bandiagara region, killing at least 26 individuals, including 22 farmers and four Dozo hunters of the Dan Na Ambassagou (DNA) self-defense group."
2024,Mali,mali,89,percent,,percentage,Section 3. Security of the Person,"a. Torture and Cruel, Inhuman, or Degrading Treatment or Punishment",rules,"According to UNICEF, 89 percent of women ages 15 to 49 were circumcised, but this varied widely by geographic location."
2024,Malta,malta,5,percent,approximately,percentage,Section 2. Liberty,b. Worker Rights,rules,"Authorities did not stringently enforce standards in the informal economy, which made up approximately 5 percent of the workforce and encompassed various sectors of working society, including day laborers and self-employed individuals."
2024,Malta,malta,400,persons,approximately,count,Section 3. Security of the Person,d. Acts of Antisemitism and Antisemitic Incitement,rules,The Jewish community numbered approximately 400 persons.
2024,Marshall Islands,marshall-islands,30,percent,approximately,percentage,Section 2. Liberty,b. Worker Rights,rules,"Most foreign workers, who constituted approximately 30 percent of the workforce (excluding agroforestry), and most of the professional and technical classes in the country earned considerably more than the minimum wage."
2024,Marshall Islands,marshall-islands,25,percent,an estimated,percentage,Section 2. Liberty,b. Worker Rights,rules,"Informal sector workers, an estimated 25 percent of the workforce, were not covered by wage, hour, OSH, and other labor laws and inspections."
2024,Marshall Islands,marshall-islands,26,percent,,percentage,Section 3. Security of the Person,b. Protection of Children,rules,"According to the UN Population Fund database, 26 percent of women ages 20-24 were married before age 18."
2024,Mauritania,mauritania,30,detainees,more than,count,Section 1. Life,a. Extrajudicial Killings,rules,"Representatives of the victims’ families described conditions at the gendarmerie as “inhumane,” with more than 30 detainees held in a cramped room without ventilation, deprived of water, and in scorching heat."
2024,Mauritania,mauritania,2000,cases,more than,count,Section 2. Liberty,b. Worker Rights,rules,"According to trade union workers, more than 2,000 cases of professional disputes were waiting to be processed in the labor courts, more than 120 cases of which were collective disputes involving many workers against their employer."
2024,Mauritania,mauritania,120,cases,more than,count,Section 2. Liberty,b. Worker Rights,rules,"According to trade union workers, more than 2,000 cases of professional disputes were waiting to be processed in the labor courts, more than 120 cases of which were collective disputes involving many workers against their employer."
2024,Mauritania,mauritania,56,percent,more than,percentage,Section 2. Liberty,b. Worker Rights,rules,"According to the ILO, almost two-thirds of the population was not formally employed, partly due to the low level of participation of women in the workforce; more than 56 percent of the working population labored in the informal sector."
2024,Mauritania,mauritania,64,percent,,percentage,Section 3. Security of the Person,"a. Torture and Cruel, Inhuman, or Degrading Treatment or Punishment",rules,"According to the results of the 2019-21 Demographic and Health Survey carried out by the National Statistics Office in collaboration with the Ministry of Health, 64 percent of women ages 15 to 49 and 45 percent of girls up to age 14 had undergone FGM/C."
2024,Mauritania,mauritania,45,percent,,percentage,Section 3. Security of the Person,"a. Torture and Cruel, Inhuman, or Degrading Treatment or Punishment",rules,"According to the results of the 2019-21 Demographic and Health Survey carried out by the National Statistics Office in collaboration with the Ministry of Health, 64 percent of women ages 15 to 49 and 45 percent of girls up to age 14 had undergone FGM/C."
2024,Mauritania,mauritania,58,percent,approximately,percentage,Section 3. Security of the Person,"a. Torture and Cruel, Inhuman, or Degrading Treatment or Punishment",rules,Approximately 58 percent of these procedures took place before age five.
2024,Mauritius,mauritius,10,percent,,percentage,Section 2. Liberty,b. Worker Rights,rules,"Approximately 36,700 persons worked in the EOE; only 10 percent belonged to unions."
2024,Mauritius,mauritius,36700,persons,approximately,count,Section 2. Liberty,b. Worker Rights,rules,"Approximately 36,700 persons worked in the EOE; only 10 percent belonged to unions."
2024,Mauritius,mauritius,23,percent,,percentage,Section 2. Liberty,b. Worker Rights,rules,"According to a 2020 government report, the latest data available, informal workers made up 23 percent of the workforce."
2024,Mauritius,mauritius,45,percent,,percentage,Section 2. Liberty,c. Disappearance and Abduction,rules,"As of October, the nongovernmental organization World Prison Brief reported pretrial detainees represented 45 percent of the total prison population."
2024,Mauritius,mauritius,100,persons,fewer than,count,Section 3. Security of the Person,d. Acts of Antisemitism and Antisemitic Incitement,rules,"According to the 2022 census, the Jewish community consisted of fewer than 100 persons, predominantly foreign residents."
2024,Mexico,mexico,25,individuals,,count,Section 1. Life,a. Extrajudicial Killings,rules,"Nongovernmental organizations (NGOs) the Fray Bartolomé de Las Casas Human Rights Center and Centro de Derechos Humanos Miguel Agustin Pro Juarez reported 25 individuals were killed, including civilians awaiting ferry transportation; these organizations called for an investigation."
2024,Mexico,mexico,10,individuals,,count,Section 1. Life,a. Extrajudicial Killings,rules,"Authorities stated a total of 10 individuals, including civilians, were killed."
2024,Mexico,mexico,184,cases,,count,Section 2. Liberty,a. Freedom of the Press,rules,"From January 1 to November 30, 2023, the NGO Communication and Information on Women registered 184 cases of aggression against women journalists for their work."
2024,Mexico,mexico,55,percent,,percentage,Section 2. Liberty,a. Freedom of the Press,rules,"The civil society group Fundar underscored a lack of federal government transparency or equity in selecting media outlets for public advertising, noting 55 percent of the government’s advertising budget went to only 10 media outlets in 2023."
2024,Mexico,mexico,57,attacks,,count,Section 2. Liberty,a. Freedom of the Press,rules,"In its report released in February, Article 19 identified 57 attacks against journalists in 2023 perpetrated by individuals associated with transnational criminal organizations."
2024,Mexico,mexico,20,workers,,count,Section 2. Liberty,b. Worker Rights,rules,Federal labor law required a minimum of 20 workers to form a union.
2024,Mexico,mexico,30,percent,at least,percentage,Section 2. Liberty,b. Worker Rights,rules,"Under the labor reform, to negotiate a collective bargaining agreement, the union had to first obtain a certificate of representation from the Federal Center demonstrating it had support from at least 30 percent of workers to be covered by the agreement, or 50 percent plus one as part of a secret ballot if there was a competing union."
2024,Mexico,mexico,50,percent,,percentage,Section 2. Liberty,b. Worker Rights,rules,"Under the labor reform, to negotiate a collective bargaining agreement, the union had to first obtain a certificate of representation from the Federal Center demonstrating it had support from at least 30 percent of workers to be covered by the agreement, or 50 percent plus one as part of a secret ballot if there was a competing union."
2024,Mexico,mexico,50,percent,nearly,percentage,Section 2. Liberty,b. Worker Rights,rules,"According to the National Statistics Institute, informal-sector workers represented nearly 50 percent of total workers in the country."
2024,Mexico,mexico,1465,investigations,,count,Section 3. Security of the Person,"a. Torture and Cruel, Inhuman, or Degrading Treatment or Punishment",rules,"According to official information published by the National Registry of the Crime of Torture, which collected information from the federal government and 28 of the 32 states, there were 1,465 investigations initiated for the crime of torture from January 1 to June 30."
2024,Mexico,mexico,237175,girls,,count,Section 3. Security of the Person,b. Protection of Children,rules,"In 2022, according to the National Statistics Institute, 237,175 girls ages 12-17 were married or living with their partners."
2024,Moldova,moldova,14.7,percent,,percentage,Section 2. Liberty,b. Worker Rights,rules,"According to data issued by the National Bureau of Statistics for the third quarter of the year, 14.7 percent of employed persons worked in the informal sector."
2024,Moldova,moldova,56,percent,,percentage,Section 2. Liberty,b. Worker Rights,rules,The International Labor Organization and other outside sources estimated the share of employment in the informal sector at 20-56 percent.
2024,Moldova,moldova,30000,persons,,count,Section 3. Security of the Person,d. Acts of Antisemitism and Antisemitic Incitement,rules,"The Jewish community numbered between 1,600 and 30,000 persons (depending on source and definition), including up to 2,000 living in Transnistria."
2024,Monaco,monaco,1000,persons,approximately,count,Section 3. Security of the Person,d. Acts of Antisemitism and Antisemitic Incitement,rules,"According to the European Jewish Congress, the Jewish community numbered approximately 1,000 persons, most of whom were foreign residents of the country."
2024,Mongolia,mongolia,31,percent,,percentage,Section 2. Liberty,a. Freedom of the Press,rules,"In a survey released in May of 386 journalists on safety concerns, 31 percent reported summonses from courts, the police, or prosecutors, an increase from 28 percent in 2023; 14 percent reported confiscation of work equipment and belongings; 10 percent reported threats by email and telephone; and 14 percent reported authorities physically or electronically searched personal and professional spaces in connection with investigations from 2022-2024."
2024,Mongolia,mongolia,28,percent,,percentage,Section 2. Liberty,a. Freedom of the Press,rules,"In a survey released in May of 386 journalists on safety concerns, 31 percent reported summonses from courts, the police, or prosecutors, an increase from 28 percent in 2023; 14 percent reported confiscation of work equipment and belongings; 10 percent reported threats by email and telephone; and 14 percent reported authorities physically or electronically searched personal and professional spaces in connection with investigations from 2022-2024."
2024,Mongolia,mongolia,14,percent,,percentage,Section 2. Liberty,a. Freedom of the Press,rules,"In a survey released in May of 386 journalists on safety concerns, 31 percent reported summonses from courts, the police, or prosecutors, an increase from 28 percent in 2023; 14 percent reported confiscation of work equipment and belongings; 10 percent reported threats by email and telephone; and 14 percent reported authorities physically or electronically searched personal and professional spaces in connection with investigations from 2022-2024."
2024,Mongolia,mongolia,10,percent,,percentage,Section 2. Liberty,a. Freedom of the Press,rules,"In a survey released in May of 386 journalists on safety concerns, 31 percent reported summonses from courts, the police, or prosecutors, an increase from 28 percent in 2023; 14 percent reported confiscation of work equipment and belongings; 10 percent reported threats by email and telephone; and 14 percent reported authorities physically or electronically searched personal and professional spaces in connection with investigations from 2022-2024."
2024,Mongolia,mongolia,14,percent,,percentage,Section 2. Liberty,a. Freedom of the Press,rules,"In a survey released in May of 386 journalists on safety concerns, 31 percent reported summonses from courts, the police, or prosecutors, an increase from 28 percent in 2023; 14 percent reported confiscation of work equipment and belongings; 10 percent reported threats by email and telephone; and 14 percent reported authorities physically or electronically searched personal and professional spaces in connection with investigations from 2022-2024."
2024,Mongolia,mongolia,386,journalists,,count,Section 2. Liberty,a. Freedom of the Press,rules,"In a survey released in May of 386 journalists on safety concerns, 31 percent reported summonses from courts, the police, or prosecutors, an increase from 28 percent in 2023; 14 percent reported confiscation of work equipment and belongings; 10 percent reported threats by email and telephone; and 14 percent reported authorities physically or electronically searched personal and professional spaces in connection with investigations from 2022-2024."
2024,Mongolia,mongolia,38.9,percent,,percentage,Section 2. Liberty,b. Worker Rights,rules,"According to 2023 data from the National Statistics Office, the informal sector employed 472,877 persons, or 38.9 percent of all employed workers."
2024,Mongolia,mongolia,472877,persons,,count,Section 2. Liberty,b. Worker Rights,rules,"According to 2023 data from the National Statistics Office, the informal sector employed 472,877 persons, or 38.9 percent of all employed workers."
2024,Mongolia,mongolia,15,complaints,,count,Section 3. Security of the Person,"a. Torture and Cruel, Inhuman, or Degrading Treatment or Punishment",rules,"As of September, the National Police Agency reported investigating 15 complaints of rape, 23 complaints of causing intentional injury to others’ health, and five complaints of torture perpetrated by public officials."
2024,Mongolia,mongolia,23,complaints,,count,Section 3. Security of the Person,"a. Torture and Cruel, Inhuman, or Degrading Treatment or Punishment",rules,"As of September, the National Police Agency reported investigating 15 complaints of rape, 23 complaints of causing intentional injury to others’ health, and five complaints of torture perpetrated by public officials."
2024,Montenegro,montenegro,14,individuals,,count,Section 2. Liberty,a. Freedom of the Press,rules,"On July 31, the High Court in Podgorica confirmed the indictment proposal of the Special State Prosecutor’s Office against 14 individuals suspected of the 2018 shooting of investigative reporter Olivera Lakic in Podgorica."
2024,Montenegro,montenegro,20,percent,at least,percentage,Section 2. Liberty,b. Worker Rights,rules,"To represent workers in collective bargaining at the enterprise level, a union had to count at least 20 percent of the workforce in the enterprise as members."
2024,Montenegro,montenegro,15,percent,at least,percentage,Section 2. Liberty,b. Worker Rights,rules,"To act as a worker representative in a sector, group, or branch of industry, a trade union had to include at least 15 percent of the total workforce in that sector, group, or branch."
2024,Montenegro,montenegro,20.6,percent,,percentage,Section 2. Liberty,b. Worker Rights,rules,"A November 2023 report by the European Commission stated the Ministry of Finance estimated the size of the informal economy at 20.6 percent of GDP, considering businesses and employees working in the formal sector."
2024,Montenegro,montenegro,54,percent,,percentage,Section 3. Security of the Person,b. Protection of Children,rules,"According to the NGO Center for Roma Initiatives, from 2020 to 2023, 54 percent of registered victims of arranged child marriages were ages 15-16, while 32 percent were between 12 and 14."
2024,Montenegro,montenegro,32,percent,,percentage,Section 3. Security of the Person,b. Protection of Children,rules,"According to the NGO Center for Roma Initiatives, from 2020 to 2023, 54 percent of registered victims of arranged child marriages were ages 15-16, while 32 percent were between 12 and 14."
2024,Montenegro,montenegro,32,percent,,percentage,Section 3. Security of the Person,b. Protection of Children,rules,"According to UNICEF, 32 percent of Romani girls and one in six Romani boys ages 15-19 were married."
2024,Montenegro,montenegro,500,individuals,,count,Section 3. Security of the Person,d. Acts of Antisemitism and Antisemitic Incitement,rules,The Jewish community population was estimated to be approximately 400 to 500 individuals.
2024,Morocco,morocco,35,percent,,percentage,Section 2. Liberty,b. Worker Rights,rules,The law allowed independent unions to exist but limited collective bargaining rights to those representing 35 percent or more of the workforce within an enterprise.
2024,Morocco,morocco,67.6,percent,,percentage,Section 2. Liberty,b. Worker Rights,rules,The Higher Commission for Planning reported in June 2023 that informal employment represented 67.6 percent of the overall workforce.
2024,Morocco,morocco,30,protesters,more than,count,Section 2. Liberty,c. Disappearance and Abduction,rules,"The UN Working Group on Arbitrary Detention (WGAD) identified several cases of arbitrary detention in the country, including the detention of 18 Sahrawi individuals in connection with the 2010 dismantling of the Gdeim Izik camp in Western Sahara, during which 11 security officials and more than 30 protesters were killed."
2024,Morocco,morocco,18,individuals,,count,Section 2. Liberty,c. Disappearance and Abduction,rules,"The UN Working Group on Arbitrary Detention (WGAD) identified several cases of arbitrary detention in the country, including the detention of political activist Nasser Zefzafi since 2017 and the detention of 18 individuals over the 2010 dismantling of the Gdeim Izik camp in Western Sahara."
2024,Morocco,morocco,20000,refugees,approximately,count,Section 3. Security of the Person,c. Protection to Refugees,rules,"As of September, there were approximately 20,000 refugees and asylum seekers registered with UNHCR."
2024,Mozambique,mozambique,248,protesters,an estimated,count,Executive Summary,,rules,"Police responded to unarmed protesters with force, killed an estimated 248 protesters, and arbitrarily detained 4,200."
2024,Mozambique,mozambique,71861,persons,at least,count,Section 1. Life,"c. War Crimes, Crimes against Humanity, and Evidence of Acts that May Constitute Genocide, or Conflict-Related",rules,"In February attacks and fear of attack displaced at least 71,861 persons."
2024,Mozambique,mozambique,5,percent,,percentage,Section 2. Liberty,b. Worker Rights,rules,Collective bargaining contracts covered less than 5 percent of the workforce.
2024,Mozambique,mozambique,50,percent,,percentage,Section 2. Liberty,b. Worker Rights,rules,Overtime pay was mandated for hours worked more than 48 hours at 50 percent above the base hourly salary.
2024,Mozambique,mozambique,80,percent,more than,percentage,Section 2. Liberty,b. Worker Rights,rules,"Labor law applied only to the formal sector, leaving workers in the informal sector unprotected; more than 80 percent of workers were employed in the informal sector."
2024,Mozambique,mozambique,4200,demonstrators,an estimated,count,Section 2. Liberty,c. Disappearance and Abduction,rules,"In October and November, in response to largely peaceful protests by opposition party supporters, police arrested an estimated 4,200 demonstrators in Maputo and throughout the country."
2024,Mozambique,mozambique,248,deaths,,count,Section 3. Security of the Person,"a. Torture and Cruel, Inhuman, or Degrading Treatment or Punishment",rules,"According to widely cited reports by a local human rights organization, Plataforma Decide, from October 21 to December 31 police responded to postelection protests in Maputo and other cities with tear gas and in some cases rubber bullets and live fire that cumulatively resulted in 248 deaths, including at least 10 children."
2024,Mozambique,mozambique,10,children,at least,count,Section 3. Security of the Person,"a. Torture and Cruel, Inhuman, or Degrading Treatment or Punishment",rules,"According to widely cited reports by a local human rights organization, Plataforma Decide, from October 21 to December 31 police responded to postelection protests in Maputo and other cities with tear gas and in some cases rubber bullets and live fire that cumulatively resulted in 248 deaths, including at least 10 children."
2024,Mozambique,mozambique,25000,refugees,,count,Section 3. Security of the Person,c. Protection to Refugees,rules,"As of November, UNHCR reported 25,000 refugees and asylum seekers in the country awaiting determination of status and final processing."
2024,Namibia,namibia,58,percent,an estimated,percentage,Section 2. Liberty,b. Worker Rights,rules,The informal sector accounted for an estimated 58 percent of workers.
2024,Namibia,namibia,100,persons,fewer than,count,Section 3. Security of the Person,d. Acts of Antisemitism and Antisemitic Incitement,rules,"There was a Jewish community of fewer than 100 persons in the country, most of whom lived in Windhoek."
2024,Nauru,nauru,90,percent,more than,percentage,Section 2. Liberty,b. Worker Rights,rules,"Public-service regulations governed salaries, working hours, vacation periods, and other employment matters for government workers, who constituted more than 90 percent of salaried workers."
2024,Nauru,nauru,27,percent,,percentage,Section 3. Security of the Person,b. Protection of Children,rules,"According to the organization Girls Not Brides, the most recent data available indicated that 27 percent of girls in Nauru were married before the age of 18 and 2 percent were married before age 15."
2024,Nauru,nauru,2,percent,,percentage,Section 3. Security of the Person,b. Protection of Children,rules,"According to the organization Girls Not Brides, the most recent data available indicated that 27 percent of girls in Nauru were married before the age of 18 and 2 percent were married before age 15."
2024,Nepal,nepal,25,percent,at least,percentage,Section 2. Liberty,b. Worker Rights,rules,The law stipulated that unions had to represent at least 25 percent of workers in a workplace to be considered representative.
2024,Nepal,nepal,500,individuals,at least,count,Section 2. Liberty,b. Worker Rights,rules,Workers in the informal sector and self- employed could also form unions if at least 500 individuals worked in the same occupation.
2024,Nepal,nepal,60,percent,more than,percentage,Section 2. Liberty,b. Worker Rights,rules,"To conduct a legal strike, more than 60 percent of a registered union’s membership had to sign in favor, and unions were required to give 30 days’ notice before striking."
2024,Nepal,nepal,50,percent,,percentage,Section 2. Liberty,b. Worker Rights,rules,"The law limited overtime to no more than four hours a day and 20 hours per week, with a 50 percent overtime premium per hour."
2024,Nepal,nepal,50,women,more than,count,Section 2. Liberty,b. Worker Rights,rules,"The law provided benefits such as a provident (retirement) fund, housing facilities, day-care arrangements for establishments with more than 50 women workers, and maternity benefits."
2024,Nepal,nepal,70,percent,more than,percentage,Section 2. Liberty,b. Worker Rights,rules,"According to the ILO, more than 70 percent of the economically active population was involved in the informal economy, and more than 90 percent of women were employed in the informal sector including domestic work."
2024,Nepal,nepal,90,percent,more than,percentage,Section 2. Liberty,b. Worker Rights,rules,"According to the ILO, more than 70 percent of the economically active population was involved in the informal economy, and more than 90 percent of women were employed in the informal sector including domestic work."
2024,Nepal,nepal,13000,persons,,count,Section 2. Liberty,c. Disappearance and Abduction,rules,"The new law was intended to reinvigorate long-stalled transitional justice efforts regarding the 1996-2006 internal conflict during which the UN Office of High Commissioner for Human Rights estimated 13,000 persons were killed and 1,300 disappeared, many of whom remained unaccounted for."
2024,Nepal,nepal,90,percent,more than,percentage,Section 2. Liberty,c. Disappearance and Abduction,rules,Courts dismissed more than 90 percent of police- obtained confessions.
2024,Nepal,nepal,8,percent,,percentage,Section 2. Liberty,c. Disappearance and Abduction,rules,"The NGO Advocacy Forum reported police violated the 24-hour detention authority in 8 percent of 1,167 cases (approximately 93 individuals), raising concerns regarding arbitrary arrest, and detention for extended periods without proper legal oversights, which contradicted legal requirements."
2024,Nepal,nepal,1167,cases,,count,Section 2. Liberty,c. Disappearance and Abduction,rules,"The NGO Advocacy Forum reported police violated the 24-hour detention authority in 8 percent of 1,167 cases (approximately 93 individuals), raising concerns regarding arbitrary arrest, and detention for extended periods without proper legal oversights, which contradicted legal requirements."
2024,Nepal,nepal,93,individuals,approximately,count,Section 2. Liberty,c. Disappearance and Abduction,rules,"The NGO Advocacy Forum reported police violated the 24-hour detention authority in 8 percent of 1,167 cases (approximately 93 individuals), raising concerns regarding arbitrary arrest, and detention for extended periods without proper legal oversights, which contradicted legal requirements."
2024,Nepal,nepal,1000,refugees,fewer than,count,Section 3. Security of the Person,c. Protection to Refugees,rules,"The government recognized only Tibetans and Bhutanese as refugees and regarded the fewer than 1,000 refugees and asylum seekers of other nationalities as irregular migrants."
2024,Netherlands,netherlands,218,incidents,,count,Section 2. Liberty,a. Freedom of the Press,rules,"In 2023 (the latest data available), journalists reported 218 incidents, a slight increase over the 198 incidents in 2022, to PersVeilig, a joint initiative of the Dutch Association of Journalists, Dutch Association of Editors in Chief, national police, and Public Prosecutor’s Office."
2024,Netherlands,netherlands,198,incidents,,count,Section 2. Liberty,a. Freedom of the Press,rules,"In 2023 (the latest data available), journalists reported 218 incidents, a slight increase over the 198 incidents in 2022, to PersVeilig, a joint initiative of the Dutch Association of Journalists, Dutch Association of Editors in Chief, national police, and Public Prosecutor’s Office."
2024,Netherlands,netherlands,10.8,percent,,percentage,Section 2. Liberty,b. Worker Rights,rules,The informal economy was estimated to contribute approximately $110 billion – or 10.8 percent – to the Netherlands’ GDP.
2024,Netherlands,netherlands,19.7,percent,,percentage,Section 2. Liberty,b. Worker Rights,rules,"In 2022, the last available data, a report by the Aruba Department of Economic Affairs, Commerce, and Industry indicated the average size of the informal economy equaled 19.7 percent of GDP in the last decade."
2024,Netherlands,netherlands,40,percent,,percentage,Section 2. Liberty,b. Worker Rights,rules,"In Sint Maarten, which was rebuilding after the successive shocks of Hurricane Irma in 2017 and the COVID-19 pandemic, some estimates placed the informal economy as high as 40 percent of GDP."
2024,Netherlands,netherlands,98,percent,approximately,percentage,Section 3. Security of the Person,c. Protection to Refugees,rules,"According to the Dutch state secretary’s office, the Aruban Ministry of Labor, Employment and Integration denied asylum to approximately 98 percent of Venezuelan migrants who sought protection, but in most instances did not execute deportations after cases were adjudicated, although a small number were repatriated to Venezuela."
2024,Netherlands,netherlands,500,refugees,up to,count,Section 3. Security of the Person,c. Protection to Refugees,rules,Resettlement In the Netherlands the government accepted up to 500 refugees for resettlement through UNHCR.
2024,Netherlands,netherlands,2000,refugees,,count,Section 3. Security of the Person,c. Protection to Refugees,rules,"The Dutch government announced its participation in the EU 2024-2025 resettlement and humanitarian admission program, agreeing to resettle a total of 2,000 refugees over a two-year period, in addition to the UNHCR commitment."
2024,Netherlands,netherlands,1000,refugees,,count,Section 3. Security of the Person,c. Protection to Refugees,rules,"This commitment was divided into two parts: 1,000 refugees would be resettled based on the national quota, while another 1,000 would be admitted under the framework of the 2016 EU-Turkey Agreement."
2024,Netherlands,netherlands,880,cases,,count,Section 3. Security of the Person,d. Acts of Antisemitism and Antisemitic Incitement,rules,"Police registered 880 cases of antisemitism in 2023, compared with 549 the previous year."
2024,Netherlands,netherlands,43,cases,,count,Section 3. Security of the Person,d. Acts of Antisemitism and Antisemitic Incitement,rules,"The number of cases of antisemitism involving violence or threats also increased over this period; police registered 43 cases of violent antisemitism in 2023, compared with 28 in 2022."
2024,Netherlands,netherlands,181,cases,,count,Section 3. Security of the Person,d. Acts of Antisemitism and Antisemitic Incitement,rules,"The Public Prosecution Services recorded 181 cases of antisemitism as the basis for discrimination in 2023, compared with 94 cases in 2022."
2024,Netherlands,netherlands,94,cases,,count,Section 3. Security of the Person,d. Acts of Antisemitism and Antisemitic Incitement,rules,"The Public Prosecution Services recorded 181 cases of antisemitism as the basis for discrimination in 2023, compared with 94 cases in 2022."
2024,Netherlands,netherlands,2000,protesters,some,count,Section 3. Security of the Person,d. Acts of Antisemitism and Antisemitic Incitement,rules,"On March 10, the opening of the Dutch National Holocaust Museum was marred by the audible antisemitic chants of some 2,000 protesters nearby demonstrating against the presence of Israeli President Isaac Herzog."
2024,Netherlands,netherlands,13,protesters,,count,Section 3. Security of the Person,d. Acts of Antisemitism and Antisemitic Incitement,rules,"The protests eventually turned violent, with protesters throwing items, climbing atop a police van, and defacing another police van; 13 protesters were arrested."
2024,New Zealand,new-zealand,60,percent,,percentage,Section 2. Liberty,b. Worker Rights,rules,"Acceptable Work Conditions Wage and Hour Laws Income researchers frequently used 60 percent of the median household as the unofficial poverty level, and the minimum hourly wage was set above this."
2024,New Zealand,new-zealand,66,percent,,percentage,Section 2. Liberty,b. Worker Rights,rules,Worksafe reported 66 percent of surveyed employers found their guidance very useful or extremely useful and the majority had changed their workplace practices following inspections.
2024,New Zealand,new-zealand,80,percent,,percentage,Section 3. Security of the Person,d. Acts of Antisemitism and Antisemitic Incitement,rules,"While antisemitic incidents were relatively rare, in June the New Zealand Jewish Council published a survey in which 80 percent of Jewish parents said their children had suffered antisemitism in school since October 2023."
2024,Nicaragua,nicaragua,10,journalists,,count,Section 2. Liberty,a. Freedom of the Press,rules,"According to a July report by the Nicaraguan Independent Journalists and Communicators Group, surveillance, harassment, and persecution by police, parapolice, or FSLN members forced 10 journalists into exile, bringing the total number of journalists in exile to 276 since 2018."
2024,Nicaragua,nicaragua,50,percent,,percentage,Section 2. Liberty,b. Worker Rights,rules,"According to independent analysts, the average legal minimum wage covered less than 50 percent of the cost of basic goods."
2024,Nicaragua,nicaragua,80,percent,more than,percentage,Section 2. Liberty,b. Worker Rights,rules,Independent groups estimated the informal sector to be more than 80 percent of the workforce.
2024,Nicaragua,nicaragua,150,prisoners,more than,count,Section 3. Security of the Person,"a. Torture and Cruel, Inhuman, or Degrading Treatment or Punishment",rules,Torture and mistreatment against prisoners bore similarities to treatment against prisoners released in 2023 that the UN Group of Human Rights Experts on Nicaragua concluded “reached the threshold of torture.” Prison authorities subjected more than 150 prisoners held in the Jorge Navarro “La Modelo” prison to cruel and degrading treatment.
2024,Niger,niger,28,killings,,count,Section 1. Life,a. Extrajudicial Killings,rules,There were no known investigations into the veracity of Intinicar’s allegations regarding the May 28 killings.
2024,Niger,niger,90,percent,approximately,percentage,Section 2. Liberty,b. Worker Rights,rules,Approximately 90 percent of workers were in the informal sector.
2024,Niger,niger,80,percent,up to,percentage,Section 2. Liberty,c. Disappearance and Abduction,rules,Pretrial detainees reportedly constituted up to 80 percent of the prison population.
2024,Niger,niger,80,percent,approximately,percentage,Section 2. Liberty,c. Disappearance and Abduction,rules,"According to government statistics, approximately 80 percent of prisoners facing terrorism charges were in pretrial detention, and authorities held many beyond the 24- or 48-month maximum term."
2024,Niger,niger,8.5,percent,,percentage,Section 3. Security of the Person,"a. Torture and Cruel, Inhuman, or Degrading Treatment or Punishment",rules,"The most recent available data – a 2012 Demographic and Health Survey and UNICEF’s Multiple Indicator Cluster Surveys, combined with data from the 2017 UN World Population Prospects – estimated the prevalence of the practice was 8.5 percent among girls and women."
2024,Niger,niger,76,percent,,percentage,Section 3. Security of the Person,b. Protection of Children,rules,"According to UNICEF, 76 percent of girls married by age 18 and 28 percent of girls married by age 15."
2024,Niger,niger,28,percent,,percentage,Section 3. Security of the Person,b. Protection of Children,rules,"According to UNICEF, 76 percent of girls married by age 18 and 28 percent of girls married by age 15."
2024,Nigeria,nigeria,24,persons,at least,count,Section 1. Life,a. Extrajudicial Killings,rules,"In November, Amnesty International published a report that stated it had found police killed at least 24 persons in connection with the August protests."
2024,Nigeria,nigeria,15,protesters,,count,Section 1. Life,a. Extrajudicial Killings,rules,"In October 2023, Amnesty International reported that 15 protesters who participated in the 2020 #EndSARS (Special Anti-Robbery Squad) protests against police brutality had been in detention since 2020."
2024,Nigeria,nigeria,49,persons,,count,Section 1. Life,a. Extrajudicial Killings,rules,"For example, during a five-day period in May, gangs killed 49 persons in Anka Local Government Area of Zamfara State."
2024,Nigeria,nigeria,33,persons,at least,count,Section 1. Life,"c. War Crimes, Crimes against Humanity, and Evidence of Acts that May Constitute Genocide, or Conflict-Related",rules,"On April 10, an airstrike on a village in Zamfara State killed at least 33 persons according to the village leader and residents."
2024,Nigeria,nigeria,20,individuals,at least,count,Section 1. Life,"c. War Crimes, Crimes against Humanity, and Evidence of Acts that May Constitute Genocide, or Conflict-Related",rules,"In June, women suicide bombers conducted a series of coordinated attacks in Borno, killing at least 20 individuals."
2024,Nigeria,nigeria,56,journalists,at least,count,Section 2. Liberty,a. Freedom of the Press,rules,"Security services detained, harassed, or attacked at least 56 journalists nationwide during the August #EndBadGovernance protests, according to the Committee to Protect Journalists, an international NGO."
2024,Nigeria,nigeria,80,percent,,percentage,Section 2. Liberty,b. Worker Rights,rules,Between 70 and 80 percent of the country’s working population worked in the informal economy.
2024,Nigeria,nigeria,1200,individuals,more than,count,Section 2. Liberty,c. Disappearance and Abduction,rules,"An Amnesty International investigation found more than 1,200 individuals were arrested."
2024,Nigeria,nigeria,76,persons,at least,count,Section 2. Liberty,c. Disappearance and Abduction,rules,"Authorities charged at least 76 persons with treason and conspiracy to incite a mutiny, which carried a possible death penalty."
2024,Nigeria,nigeria,10,protesters,at least,count,Section 2. Liberty,c. Disappearance and Abduction,rules,"In September, the Federal High Court in Abuja granted bail to at least 10 protesters charged with treason."
2024,Nigeria,nigeria,40000,persons,,count,Section 3. Security of the Person,d. Acts of Antisemitism and Antisemitic Incitement,rules,"The Jewish population of the country was estimated to be between 2,000 and 40,000 persons."
2024,North Korea (Democratic People’s Republic of Korea),north-korea,269,victims,,count,Section 3. Security of the Person,"a. Torture and Cruel, Inhuman, or Degrading Treatment or Punishment",rules,"In 2023, the NGO Korea Future released a report based on interviews with 269 victims, witnesses, and perpetrators documenting more than 1,000 instances of torture, cruel, inhuman, or degrading punishment and nearly 100 extrajudicial killings."
2024,North Korea (Democratic People’s Republic of Korea),north-korea,273,cases,,count,Section 3. Security of the Person,"a. Torture and Cruel, Inhuman, or Degrading Treatment or Punishment",rules,A sample study by the ROK-based NGO Database Center for North Korean Human Rights’ Unified Human Rights Database documented 273 cases of sexual violence against women in detention facilities from 1984-2022.
2024,Norway,norway,10,percent,an estimated,percentage,Section 2. Liberty,b. Worker Rights,rules,"An estimated 10 percent of the population had an income below the relative poverty limit, which Statistics Norway set at 60 percent of the median household income after tax."
2024,Norway,norway,60,percent,,percentage,Section 2. Liberty,b. Worker Rights,rules,"An estimated 10 percent of the population had an income below the relative poverty limit, which Statistics Norway set at 60 percent of the median household income after tax."
2024,Norway,norway,40,percent,,percentage,Section 2. Liberty,b. Worker Rights,rules,The law provided for premium pay of 40 percent of salary for overtime and prohibited compulsory overtime in excess of 10 hours per week.
2024,Norway,norway,1.9,percent,,percentage,Section 2. Liberty,b. Worker Rights,rules,"The International Labor Organization reported that, according to the EU Survey of Statistics on Income and Living Conditions, the country’s informal employment sector amounted to 1.9 percent of total employment (measured from a minimum age of 16)."
2024,Norway,norway,51,percent,,percentage,Section 3. Security of the Person,d. Acts of Antisemitism and Antisemitic Incitement,rules,"According to the Holocaust Center’s Norwegian Attitudes Towards Jews and Muslims 2024 survey of 1,031 individuals, 51 percent of those surveyed agreed with the statement “Israel today treats Palestinians as badly as they [Jews] were treated during World War II.” Leaders of the MOSAIC Jewish community group reported an increasingly hostile climate following the October 2023 attack and an increasing reluctance among Jews to reveal their Jewish identity in public."
2024,Norway,norway,1031,individuals,,count,Section 3. Security of the Person,d. Acts of Antisemitism and Antisemitic Incitement,rules,"According to the Holocaust Center’s Norwegian Attitudes Towards Jews and Muslims 2024 survey of 1,031 individuals, 51 percent of those surveyed agreed with the statement “Israel today treats Palestinians as badly as they [Jews] were treated during World War II.” Leaders of the MOSAIC Jewish community group reported an increasingly hostile climate following the October 2023 attack and an increasing reluctance among Jews to reveal their Jewish identity in public."
2024,Oman,oman,25,workers,,count,Section 2. Liberty,b. Worker Rights,rules,"The law required a minimum of 25 workers to form a union, regardless of company size."
2024,Oman,oman,125,percent,,percentage,Section 2. Liberty,b. Worker Rights,rules,"The law provided for a regular workweek of 40 hours, and it required 125 percent of regular pay for overtime work and 150 percent of regular pay for overtime night work."
2024,Oman,oman,150,percent,,percentage,Section 2. Liberty,b. Worker Rights,rules,"The law provided for a regular workweek of 40 hours, and it required 125 percent of regular pay for overtime work and 150 percent of regular pay for overtime night work."
2024,Oman,oman,20,percent,approximately,percentage,Section 2. Liberty,b. Worker Rights,rules,World Economics estimated the size of the country’s informal economy was approximately 20 percent of GDP.
2024,Pakistan,pakistan,10,percent,,percentage,Section 1. Life,a. Extrajudicial Killings,rules,"Local officials reported 570 militant/terrorist attacks – most targeting police and military personnel – occurred in the province during the first six months of the year, a 10 percent increase compared with the same period in 2023, itself the most violent year in KP since the provincial government began sharing statistics in 2006."
2024,Pakistan,pakistan,47,journalists,,count,Section 2. Liberty,a. Freedom of the Press,rules,"On January 27, the Federal Investigation Agency (FIA) issued notices to 47 journalists and YouTubers for allegedly spreading false information regarding the chief justice of Pakistan, Qazi Faez Isa, and state institutions."
2024,Pakistan,pakistan,47,journalists,,count,Section 2. Liberty,a. Freedom of the Press,rules,"On January 27, Isa used the court’s prerogative to initiate a case regarding the FIA’s list of 47 journalists."
2024,Pakistan,pakistan,4514,individuals,,count,Section 2. Liberty,c. Disappearance and Abduction,rules,"Among those cases resolved, the commission determined 4,514 individuals had returned home, 1,002 were being held in military-operated internment centers, 671 were held in the prison system, 277 were deceased, and 1,551 were determined not to be instances of enforced disappearances."
2024,Pakistan,pakistan,33,percent,,percentage,Section 2. Liberty,c. Disappearance and Abduction,rules,"The commission separately issued January figures showing 33 percent of the total cases in 2023 pertained to persons in KP, while 27 percent were from Balochistan."
2024,Pakistan,pakistan,27,percent,,percentage,Section 2. Liberty,c. Disappearance and Abduction,rules,"The commission separately issued January figures showing 33 percent of the total cases in 2023 pertained to persons in KP, while 27 percent were from Balochistan."
2024,Pakistan,pakistan,7500,persons,,count,Section 2. Liberty,c. Disappearance and Abduction,rules,"According to the NGO Voice for Baloch Missing Persons, 285 Baloch persons disappeared in the province between January and September, with an alleged 7,500 persons forcibly disappeared since 2000."
2024,Pakistan,pakistan,306,cases,,count,Section 2. Liberty,c. Disappearance and Abduction,rules,The Human Rights Council of Balochistan reported 306 cases of enforced disappearances in Balochistan between January and June.
2024,Pakistan,pakistan,104,persons,,count,Section 2. Liberty,c. Disappearance and Abduction,rules,"Of these, 104 persons were released, four were found dead, and 198 remained missing."
2024,Pakistan,pakistan,20,persons,,count,Section 3. Security of the Person,"a. Torture and Cruel, Inhuman, or Degrading Treatment or Punishment",rules,"On August 19, the HRCP reported 20 persons died in police custody due to torture from January to June."
2024,Pakistan,pakistan,18,percent,,percentage,Section 3. Security of the Person,b. Protection of Children,rules,"According to UNICEF, 18 percent of girls were married by age 18."
2024,Palau,palau,20,persons,fewer than,count,Section 3. Security of the Person,d. Acts of Antisemitism and Antisemitic Incitement,rules,There were reportedly fewer than 20 persons in the Jewish community.
2024,Panama,panama,40,persons,,count,Section 2. Liberty,b. Worker Rights,rules,"In addition, the law required a minimum of 40 persons to form a private-sector union (either by a company across trades or by trade across companies) and allowed only one union per business establishment."
2024,Panama,panama,26,percent,approximately,percentage,Section 2. Liberty,b. Worker Rights,rules,"Approximately 26 percent of private sector employees were associated with a union, according to the International Labor Organization."
2024,Panama,panama,75,percent,,percentage,Section 2. Liberty,b. Worker Rights,rules,"If employees worked more than three hours of overtime in one day or more than nine overtime hours in a week, excess overtime hours had to be paid at an additional 75 percent above the normal wage."
2024,Panama,panama,35,percent,approximately,percentage,Section 2. Liberty,c. Disappearance and Abduction,rules,"According to official statistics, as of August, approximately 35 percent of individuals held in prison had not been convicted of a crime."
2024,Panama,panama,5000,cases,more than,count,Section 3. Security of the Person,c. Protection to Refugees,rules,"The National Refugee Office (ONPAR) had a backlog of more than 5,000 cases due to slow and complex processes."
2024,Papua New Guinea,papua-new-guinea,80,percent,an estimated,percentage,Section 2. Liberty,b. Worker Rights,rules,"An estimated 80 percent of the country’s workforce was employed in the unregulated informal sector, primarily in subsistence agriculture and informal sales of betel nut, cigars, basic groceries, arts and crafts, and garments."
2024,Papua New Guinea,papua-new-guinea,27,percent,,percentage,Section 3. Security of the Person,b. Protection of Children,rules,"In January, Human Rights Watch’s annual World Report stated the government failed to take effective action to end child marriage; 27 percent of girls and 4 percent of boys were married before 18."
2024,Papua New Guinea,papua-new-guinea,4,percent,,percentage,Section 3. Security of the Person,b. Protection of Children,rules,"In January, Human Rights Watch’s annual World Report stated the government failed to take effective action to end child marriage; 27 percent of girls and 4 percent of boys were married before 18."
2024,Papua New Guinea,papua-new-guinea,10000,refugees,an estimated,count,Section 3. Security of the Person,c. Protection to Refugees,rules,"On September 6, the Catholic Bishops Conference of Papua New Guinea and the Solomon Islands refugee director reported an estimated 10,000 refugees from West Papua, Indonesia, were living in camps that had become villages in Port Moresby."
2024,Papua New Guinea,papua-new-guinea,10000,refugees,more than,count,Section 3. Security of the Person,c. Protection to Refugees,rules,"According to government estimates, more than 10,000 refugees from Indonesia’s Papua region were living in the country."
2024,Paraguay,paraguay,63,percent,,percentage,Section 2. Liberty,b. Worker Rights,rules,"In 2022, the National Institute of Statistics estimated 63 percent of workers in nonagricultural sectors were in the informal economy, and for workers ages 15 to 19, this increased to 90 percent."
2024,Paraguay,paraguay,90,percent,,percentage,Section 2. Liberty,b. Worker Rights,rules,"In 2022, the National Institute of Statistics estimated 63 percent of workers in nonagricultural sectors were in the informal economy, and for workers ages 15 to 19, this increased to 90 percent."
2024,Paraguay,paraguay,954,cases,,count,Section 3. Security of the Person,"a. Torture and Cruel, Inhuman, or Degrading Treatment or Punishment",rules,"As of October 3, the unit was investigating 954 cases, most of which dated from the Stroessner dictatorship era (1954-89)."
2024,Peru,peru,10,deaths,,count,Section 1. Life,a. Extrajudicial Killings,rules,"In the first nine months of the year, prosecutors formalized accusations against 35 military officers and one police officer for direct or indirect responsibility for 10 deaths in Ayacucho in December 2022, and 198 police and military for the death or serious injury of 317 citizens."
2024,Peru,peru,251,individual,,count,Section 2. Liberty,a. Freedom of the Press,rules,The National Journalists’ Association reported 251 individual attacks or forms of aggression against journalists between January and September.
2024,Peru,peru,20,workers,,count,Section 2. Liberty,b. Worker Rights,rules,"By law, 20 workers or more were required to form a union or “an enterprise-level union.” Fifty workers or more constituted a sector-wide union or federation."
2024,Peru,peru,97,percent,,percentage,Section 2. Liberty,b. Worker Rights,rules,"Some labor activists viewed these requirements as prohibitively high, particularly for small and medium-sized businesses, which represented almost 97 percent of all businesses."
2024,Peru,peru,72,percent,,percentage,Section 2. Liberty,b. Worker Rights,rules,"As of December 2023, 72 percent of workers were employed in the informal sector."
2024,Peru,peru,98,percent,,percentage,Section 3. Security of the Person,b. Protection of Children,rules,Child marriages occurred; 98 percent involved a girl and an adult man.
2024,Peru,peru,4000,persons,,count,Section 3. Security of the Person,d. Acts of Antisemitism and Antisemitic Incitement,rules,"Estimates of the Jewish population ranged from 3,000 to 4,000 persons."
2024,Philippines,philippines,30,percent,,percentage,Section 1. Life,a. Extrajudicial Killings,rules,"Dahas PH, a research program of the University of the Philippines-Diliman, reported 266 drug-related deaths from January to August, of which DAHAS PH estimated 30 percent were by police and other security forces engaged in antidrug operations."
2024,Philippines,philippines,43,victims,,count,Section 1. Life,a. Extrajudicial Killings,rules,"The cases involved 43 victims and were allegedly perpetrated by PNP personnel in 11 cases, members of the military in three, and armed groups in three others."
2024,Philippines,philippines,11,cases,,count,Section 1. Life,a. Extrajudicial Killings,rules,"The cases involved 43 victims and were allegedly perpetrated by PNP personnel in 11 cases, members of the military in three, and armed groups in three others."
2024,Philippines,philippines,10,victims,,count,Section 1. Life,a. Extrajudicial Killings,rules,"The commission also investigated 10 specifically drug-related extrajudicial killings with 10 victims, and suspected PNP involvement in nine of these complaints."
2024,Philippines,philippines,25,incidents,,count,Section 2. Liberty,a. Freedom of the Press,rules,In September the National Union of Journalists of the Philippines reported 25 incidents of red-tagging but did not provide details.
2024,Philippines,philippines,19,cases,,count,Section 2. Liberty,a. Freedom of the Press,rules,In May the NGO Center for Media Freedom and Responsibility released its findings on the state of media freedom and reported 19 cases of surveillance from July 2022 to April 2024.
2024,Philippines,philippines,10,arrest,at least,count,Section 2. Liberty,a. Freedom of the Press,rules,"At one point, Rappler, Ressa, and other staff were subjected to at least 11 criminal complaints – most related to taxes and alleged foreign links – and at least 10 arrest warrants were issued against Ressa from 2019 to 2021."
2024,Philippines,philippines,20,percent,,percentage,Section 2. Liberty,b. Worker Rights,rules,The law required the participation of 20 percent of the employees in the bargaining unit where the union sought to operate; the International Labor Organization (ILO) called this requirement excessive.
2024,Philippines,philippines,125,percent,,percentage,Section 2. Liberty,b. Worker Rights,rules,"The government mandated an overtime rate of 125 percent of the hourly rate on ordinary days, 130 percent on special nonworking days, and 200 percent on regular holidays."
2024,Philippines,philippines,130,percent,,percentage,Section 2. Liberty,b. Worker Rights,rules,"The government mandated an overtime rate of 125 percent of the hourly rate on ordinary days, 130 percent on special nonworking days, and 200 percent on regular holidays."
2024,Philippines,philippines,200,percent,,percentage,Section 2. Liberty,b. Worker Rights,rules,"The government mandated an overtime rate of 125 percent of the hourly rate on ordinary days, 130 percent on special nonworking days, and 200 percent on regular holidays."
2024,Philippines,philippines,85,percent,nearly,percentage,Section 2. Liberty,b. Worker Rights,rules,"While there were no reliable recent data, informed observers believed two million or more persons were employed as domestic workers, with nearly 85 percent being women or girls, some as young as age 15."
2024,Philippines,philippines,40,percent,nearly,percentage,Section 2. Liberty,b. Worker Rights,rules,Nearly 40 percent of the country’s workforce was in the informal sector.
2024,Philippines,philippines,12,cases,,count,Section 2. Liberty,c. Disappearance and Abduction,rules,"The CHR, however, reported 12 cases involving 16 persons who were victims of abduction and disappearance from January to July."
2024,Philippines,philippines,16,persons,,count,Section 2. Liberty,c. Disappearance and Abduction,rules,"The CHR, however, reported 12 cases involving 16 persons who were victims of abduction and disappearance from January to July."
2024,Philippines,philippines,49,individuals,,count,Section 2. Liberty,c. Disappearance and Abduction,rules,"The CHR investigated 31 alleged cases of unlawful arrest and illegal detention involving 49 individuals from January to July, of which 11 were perpetrated by members of the PNP, three by members of the military, two by local government officials, one by a prison officer, and one by a nonstate actor."
2024,Philippines,philippines,52189,inmates,,count,Section 2. Liberty,c. Disappearance and Abduction,rules,"Through this program, authorities released 52,189 inmates from BJMP jails from January to July."
2024,Philippines,philippines,25,cases,,count,Section 3. Security of the Person,"a. Torture and Cruel, Inhuman, or Degrading Treatment or Punishment",rules,"As of July, the CHR investigated 25 cases of alleged torture involving 33 victims."
2024,Philippines,philippines,33,victims,,count,Section 3. Security of the Person,"a. Torture and Cruel, Inhuman, or Degrading Treatment or Punishment",rules,"As of July, the CHR investigated 25 cases of alleged torture involving 33 victims."
2024,Philippines,philippines,2000,persons,an estimated,count,Section 3. Security of the Person,d. Acts of Antisemitism and Antisemitic Incitement,rules,"An estimated 2,000 persons of Jewish heritage lived in the country, almost all foreign nationals."
2024,Poland,poland,2,percent,approximately,percentage,Section 2. Liberty,b. Worker Rights,rules,"According to a January 31 report by the Main Statistical Office, the informal workforce constituted approximately 2 percent (342,000) of the total workforce in the country in 2022, 61 percent lower than in 2017 when its last study was conducted."
2024,Poland,poland,61,percent,,percentage,Section 2. Liberty,b. Worker Rights,rules,"According to a January 31 report by the Main Statistical Office, the informal workforce constituted approximately 2 percent (342,000) of the total workforce in the country in 2022, 61 percent lower than in 2017 when its last study was conducted."
2024,Poland,poland,18.7,percent,,percentage,Section 2. Liberty,b. Worker Rights,rules,"According to the report, the highest level of informality occurred in construction and plumbing repairs and renovations (18.7 percent), followed gardening and agricultural work (14.9 percent) and transportation services (6.4 percent)."
2024,Poland,poland,14.9,percent,,percentage,Section 2. Liberty,b. Worker Rights,rules,"According to the report, the highest level of informality occurred in construction and plumbing repairs and renovations (18.7 percent), followed gardening and agricultural work (14.9 percent) and transportation services (6.4 percent)."
2024,Poland,poland,6.4,percent,,percentage,Section 2. Liberty,b. Worker Rights,rules,"According to the report, the highest level of informality occurred in construction and plumbing repairs and renovations (18.7 percent), followed gardening and agricultural work (14.9 percent) and transportation services (6.4 percent)."
2024,Portugal,portugal,300,persons,approximately,count,Section 1. Life,a. Extrajudicial Killings,rules,"On October 26, thousands of individuals demonstrated demanding justice for Moniz, holding signs with slogans such as “Stop killing us.” The Chega party, whose leader André Ventura said the officer should have been “decorated” and pointed to reports Moniz had a “long” criminal record, led a propolice counterprotest on the same day that drew approximately 300 persons."
2024,Portugal,portugal,50,percent,at least,percentage,Section 2. Liberty,b. Worker Rights,rules,The law required unions to represent at least 50 percent of workers in a sector for collective bargaining units to be extended beyond the enterprise level.
2024,Portugal,portugal,34.37,percent,,percentage,Section 2. Liberty,b. Worker Rights,rules,"According to a study by the School of Economics and Management of the University of Porto, the informal economy represented 34.37 percent of GDP in 2022, corresponding to more than €82 million ($88.6 million)."
2024,Portugal,portugal,4000,persons,,count,Section 3. Security of the Person,d. Acts of Antisemitism and Antisemitic Incitement,rules,"Estimates placed the Jewish population at 3,000 to 4,000 persons."
2024,Qatar,qatar,5218,complaints,,count,Section 2. Liberty,b. Worker Rights,rules,"The Ministry of Interior received 5,218 complaints of violations committed against domestic workers in 2024, up from 1,391 in 2023, mostly related to delayed or nonpayment of wages."
2024,Qatar,qatar,5,percent,up to,percentage,Section 2. Liberty,b. Worker Rights,rules,Employers could request the Ministry of Interior require that up to 5 percent of the company’s employees obtain approval before leaving the country due to their type of work.
2024,Qatar,qatar,16.5,percent,,percentage,Section 2. Liberty,b. Worker Rights,rules,The size of the informal economy was estimated to be 16.5 percent.
2024,Republic of the Congo,republic-of-the-congo,65,percent,,percentage,Section 2. Liberty,b. Worker Rights,rules,"There were no existing credible data from the government, but international organizations estimated 65 percent of workers were employed in the informal sector."
2024,Republic of the Congo,republic-of-the-congo,75,percent,,percentage,Section 2. Liberty,c. Disappearance and Abduction,rules,"Lengthy pretrial detention was a problem, and between 60 and 75 percent of detainees in prison were pretrial detainees."
2024,Romania,romania,35,percent,at least,percentage,Section 2. Liberty,b. Worker Rights,rules,Unions or union confederations representing at least 35 percent of workers could negotiate on behalf of employees.
2024,Romania,romania,50,percent,,percentage,Section 2. Liberty,b. Worker Rights,rules,"If a union did not exist, employers could negotiate with worker representatives who were elected by at least “50 percent plus one” of employees."
2024,Romania,romania,50,percent,,percentage,Section 2. Liberty,b. Worker Rights,rules,A union confederation was required to have branches in at least “50 percent plus one” of all counties and represent at least 5 percent of all workers nationally.
2024,Romania,romania,5,percent,at least,percentage,Section 2. Liberty,b. Worker Rights,rules,A union confederation was required to have branches in at least “50 percent plus one” of all counties and represent at least 5 percent of all workers nationally.
2024,Romania,romania,5,percent,at least,percentage,Section 2. Liberty,b. Worker Rights,rules,"For negotiations with sectors or with groups of employers, unions were required to represent at least 5 percent of the respective pools of workers."
2024,Romania,romania,35,percent,at least,percentage,Section 2. Liberty,b. Worker Rights,rules,"In negotiations with individual employers, unions were required to represent at least 35 percent of the company’s workers."
2024,Romania,romania,29,percent,,percentage,Section 2. Liberty,b. Worker Rights,rules,A European Parliament study estimated the informal economy represented 29 percent of GDP in 2022.
2024,Russia,russia,145,persons,,count,Section 1. Life,a. Extrajudicial Killings,rules,"Chechen native Askhab Uspanov died in police custody after being arrested on March 22, following a terrorist attack that killed 145 persons at Crocus City Hall, an entertainment venue located in Krasnogorsk, near Moscow."
2024,Russia,russia,19000,children,more than,count,Section 1. Life,"c. War Crimes, Crimes against Humanity, and Evidence of Acts that May Constitute Genocide, or Conflict-related",rules,"Ukrainian authorities stated more than 19,000 children had been taken to date."
2024,Russia,russia,6000,children,at least,count,Section 1. Life,"c. War Crimes, Crimes against Humanity, and Evidence of Acts that May Constitute Genocide, or Conflict-related",rules,"A February study by the Yale School of Public Health’s Humanitarian Research Lab assessed the Russian federal government systematically relocated at least 6,000 children to a network of re-education and adoption facilities in Russia-occupied Crimea and Russia."
2024,Russia,russia,314,children,,count,Section 1. Life,"c. War Crimes, Crimes against Humanity, and Evidence of Acts that May Constitute Genocide, or Conflict-related",rules,"In a December report, Yale’s Humanitarian Research Lab identified 314 children who had been forcibly or illegally adopted since the start of the Russia-Ukraine war in 2022, including 148 children listed in Russia’s child placement databases and 166 children placed directly with citizens of Russia."
2024,Russia,russia,148,children,,count,Section 1. Life,"c. War Crimes, Crimes against Humanity, and Evidence of Acts that May Constitute Genocide, or Conflict-related",rules,"In a December report, Yale’s Humanitarian Research Lab identified 314 children who had been forcibly or illegally adopted since the start of the Russia-Ukraine war in 2022, including 148 children listed in Russia’s child placement databases and 166 children placed directly with citizens of Russia."
2024,Russia,russia,166,children,,count,Section 1. Life,"c. War Crimes, Crimes against Humanity, and Evidence of Acts that May Constitute Genocide, or Conflict-related",rules,"In a December report, Yale’s Humanitarian Research Lab identified 314 children who had been forcibly or illegally adopted since the start of the Russia-Ukraine war in 2022, including 148 children listed in Russia’s child placement databases and 166 children placed directly with citizens of Russia."
2024,Russia,russia,20,percent,more than,percentage,Section 2. Liberty,a. Freedom of the Press,rules,"While the law restricted foreign ownership of media outlets to no more than 20 percent, another provision of the ambiguously worded law apparently banned foreign ownership entirely."
2024,Russia,russia,150,percent,at least,percentage,Section 2. Liberty,b. Worker Rights,rules,The law stipulated payment for overtime had to be at least 150 percent of the base wage for the first two hours and not less than 200 percent of the base wage thereafter; employees could request additional holiday leave in lieu of overtime.
2024,Russia,russia,200,percent,,percentage,Section 2. Liberty,b. Worker Rights,rules,The law stipulated payment for overtime had to be at least 150 percent of the base wage for the first two hours and not less than 200 percent of the base wage thereafter; employees could request additional holiday leave in lieu of overtime.
2024,Russia,russia,20.3,percent,,percentage,Section 2. Liberty,b. Worker Rights,rules,"Rosstat estimated 20.3 percent of the workforce, or approximately 15 million persons, were informally employed in 2021."
2024,Russia,russia,145,persons,,count,Section 3. Security of the Person,"a. Torture and Cruel, Inhuman, or Degrading Treatment or Punishment",rules,"In March, Human Rights Watch and media reported security services tortured four of the Tajik suspects charged with perpetrating a terrorist attack at Crocus City Hall that killed 145 persons."
2024,Russia,russia,35,persons,,count,Section 3. Security of the Person,"a. Torture and Cruel, Inhuman, or Degrading Treatment or Punishment",rules,"NGOs reported an increase in the abuse of psychiatry by authorities in the country as of March, including a minimum of 35 persons undergoing involuntary “treatment.” Authorities detained defendants for psychiatric evaluations to exert pressure on them or sent defendants to psychiatric treatment as punishment."
2024,Russia,russia,82644,persons,,count,Section 3. Security of the Person,d. Acts of Antisemitism and Antisemitic Incitement,rules,"Official estimates were notably lower; in the 2021 census, the government reported 82,644 persons identified as Jewish."
2024,Russia,russia,19,cases,,count,Section 3. Security of the Person,d. Acts of Antisemitism and Antisemitic Incitement,rules,"According to the organization, courts handed down convictions in 19 cases involving antisemitism."
2024,Rwanda,rwanda,75,percent,more than,percentage,Section 2. Liberty,b. Worker Rights,rules,"Families regularly supplemented their incomes by working in small businesses or subsistence agriculture in the informal sector, which included more than 75 percent of all workers, according to the National Institute of Statistics."
2024,Saint Kitts and Nevis,saint-kitts-and-nevis,50,percent,more than,percentage,Section 2. Liberty,b. Worker Rights,rules,A union representing more than 50 percent of employees at a company could apply for the company to recognize the union for collective bargaining.
2024,Saint Kitts and Nevis,saint-kitts-and-nevis,15,percent,approximately,percentage,Section 2. Liberty,b. Worker Rights,rules,The government estimated approximately 15 percent of the workforce earned the minimum wage.
2024,Saint Kitts and Nevis,saint-kitts-and-nevis,15,percent,,percentage,Section 2. Liberty,b. Worker Rights,rules,The government estimated 10 to 15 percent of the workforce was in the informal sector.
2024,Saint Lucia,saint-lucia,27,percent,approximately,percentage,Section 2. Liberty,b. Worker Rights,rules,"According to the International Labor Organization, the informal sector made up approximately 27 percent of the workforce."
2024,Samoa,samoa,25,percent,,percentage,Section 2. Liberty,b. Worker Rights,rules,Only 25 percent of the working population were formally employed; the majority of Samoans worked in the subsistence economy and had no formal employment.
2024,San Marino,san-marino,35,percent,,percentage,Section 2. Liberty,b. Worker Rights,rules,The law provided for paid holidays and overtime pay of between an additional 25 and 35 percent.
2024,Sao Tome and Principe,sao-tome-and-principe,68,percent,up to,percentage,Section 2. Liberty,b. Worker Rights,rules,UN researchers estimated up to 68 percent of workers were in the informal sector.
2024,Saudi Arabia,saudi-arabia,10,journalists,,count,Section 2. Liberty,a. Freedom of the Press,rules,"As of late 2023, CPJ reported that 10 journalists remained in custody."
2024,Saudi Arabia,saudi-arabia,50,percent,,percentage,Section 2. Liberty,b. Worker Rights,rules,"A standard workweek was 48 hours but could extend to 60 hours subject to payment of overtime, which was 50 percent more than the basic wage."
2024,Saudi Arabia,saudi-arabia,70,percent,approximately,percentage,Section 2. Liberty,b. Worker Rights,rules,"Foreign workers made up approximately 70 percent of the labor force, according to the second quarter labor market survey."
2024,Saudi Arabia,saudi-arabia,18,percent,up to,percentage,Section 3. Security of the Person,"a. Torture and Cruel, Inhuman, or Degrading Treatment or Punishment",rules,"The official government interpretation of sharia prohibited the practice of female genital mutilation/cutting (FGM/C); however, a 2020 study by the NGO Equality Now, the most recent available, indicated up to 18 percent of women reported having undergone some type of FGM/C."
2024,Senegal,senegal,25,journalists,more than,count,Section 2. Liberty,a. Freedom of the Press,rules,"Physical Attacks, Imprisonment, and Pressure According to the NGO Committee to Protect Journalists (CPJ), more than 25 journalists were assaulted or arrested during February civil unrest."
2024,Senegal,senegal,90,percent,,percentage,Section 2. Liberty,b. Worker Rights,rules,"The International Labor Organization reported that, as of 2020, 90 percent of workers were in informal employment and 97 percent of nonagricultural economic units operated in the informal economy."
2024,Senegal,senegal,97,percent,,percentage,Section 2. Liberty,b. Worker Rights,rules,"The International Labor Organization reported that, as of 2020, 90 percent of workers were in informal employment and 97 percent of nonagricultural economic units operated in the informal economy."
2024,Senegal,senegal,90,percent,,percentage,Section 3. Security of the Person,"a. Torture and Cruel, Inhuman, or Degrading Treatment or Punishment",rules,"UNICEF estimated in 2022 one in four girls and women ages 15 to 49 had suffered from FGM/C, with the prevalence as high as 65 to 90 percent in some regions, and with large variation across regions and ethnic groups."
2024,Serbia,serbia,183,attacks,,count,Section 2. Liberty,a. Freedom of the Press,rules,"According to data from the Independent Journalists’ Association of Serbia, there were 183 attacks on journalists in 2023 and 97 attacks between January and September, including verbal threats, death threats, and violence."
2024,Serbia,serbia,97,attacks,,count,Section 2. Liberty,a. Freedom of the Press,rules,"According to data from the Independent Journalists’ Association of Serbia, there were 183 attacks on journalists in 2023 and 97 attacks between January and September, including verbal threats, death threats, and violence."
2024,Serbia,serbia,50,percent,more than,percentage,Section 2. Liberty,b. Worker Rights,rules,"The government designated more than 50 percent of the workforce as “essential,” including workers whose jobs fell outside of the International Labor Organization’s definition of “essential,” and these workers faced restrictions on the right to strike."
2024,Serbia,serbia,15,percent,at least,percentage,Section 2. Liberty,b. Worker Rights,rules,"To negotiate with an employer, however, a union had to represent at least 15 percent of company employees."
2024,Serbia,serbia,20,percent,,percentage,Section 2. Liberty,b. Worker Rights,rules,"Workers demanded a 20 percent pay raise from the minimum wage, the cessation of the punitive attendance bonus policy, an increase in meal allowance, and additional funds to improve conditions in the company’s sanitary facilities."
2024,Serbia,serbia,26,percent,,percentage,Section 2. Liberty,b. Worker Rights,rules,"The law stipulated a standard workweek of 40 hours and provided for paid leave, annual holidays, and premium pay of at least an additional 26 percent for night and overtime hours."
2024,Serbia,serbia,12.1,percent,,percentage,Section 2. Liberty,b. Worker Rights,rules,"According to labor force survey data, informal-sector employment represented 12.1 percent of total employment in the first quarter of the year, 0.1 percentage points less than in 2023."
2024,Serbia,serbia,20,percent,approximately,percentage,Section 2. Liberty,b. Worker Rights,rules,Independent estimates suggested the informal sector was approximately 20 percent of the economy.
2024,Serbia,serbia,16,percent,approximately,percentage,Section 3. Security of the Person,b. Protection of Children,rules,The law provided for a child older than 16 but younger than 18 to marry if mature enough to “enjoy the rights and fulfill the responsibilities of marriage.” Available data suggested approximately 16 percent of women married before they turned 18.
2024,Serbia,serbia,56,percent,,percentage,Section 3. Security of the Person,b. Protection of Children,rules,UNICEF data indicated 56 percent of women in Romani communities entered marriage before 18.
2024,Serbia,serbia,850,persons,,count,Section 3. Security of the Person,c. Protection to Refugees,rules,"According to UNHCR, 850 persons expressed an intention to seek asylum, and 219 submitted applications."
2024,Serbia,serbia,113,cases,,count,Section 3. Security of the Person,c. Protection to Refugees,rules,"Seven were granted asylum, 83 were rejected or refused, and 113 cases were suspended."
2024,Seychelles,seychelles,20,percent,an estimated,percentage,Section 2. Liberty,b. Worker Rights,rules,"Migrant workers, an estimated 20 percent of the formal-sector workforce, had weaker freedom of association rights because their employers could easily deport them."
2024,Seychelles,seychelles,10,percent,an estimated,percentage,Section 2. Liberty,b. Worker Rights,rules,"Workers in the SITZ, an estimated 10 percent of the workforce, were not protected by the employment law."
2024,Seychelles,seychelles,15,percent,approximately,percentage,Section 2. Liberty,b. Worker Rights,rules,Approximately 15 percent of the workforce worked in the informal sector.
2024,Seychelles,seychelles,25,persons,fewer than,count,Section 3. Security of the Person,d. Acts of Antisemitism and Antisemitic Incitement,rules,The Jewish community numbered fewer than 25 persons.
2024,Sierra Leone,sierra-leone,90,percent,approximately,percentage,Section 2. Liberty,b. Worker Rights,rules,"Approximately 90 percent of laborers worked in the informal sector, predominantly in subsistence or small-scale agriculture."
2024,Sierra Leone,sierra-leone,83,percent,,percentage,Section 3. Security of the Person,"a. Torture and Cruel, Inhuman, or Degrading Treatment or Punishment",rules,"According to local NGOs, as of February, 83 percent of women and girls ages 15 to 49 had experienced FGM/C, a decrease from a 2013 report of 90 percent."
2024,Sierra Leone,sierra-leone,90,percent,,percentage,Section 3. Security of the Person,"a. Torture and Cruel, Inhuman, or Degrading Treatment or Punishment",rules,"According to local NGOs, as of February, 83 percent of women and girls ages 15 to 49 had experienced FGM/C, a decrease from a 2013 report of 90 percent."
2024,Singapore,singapore,77,percent,,percentage,Section 2. Liberty,a. Freedom of the Press,rules,"According to a 2021 survey of 198 academics, 77 percent reported at least moderate interference by nonacademic actors in their decision making and more than a quarter in some disciplines reported consistent censorship or self-censorship."
2024,Singapore,singapore,15,percent,approximately,percentage,Section 2. Liberty,b. Worker Rights,rules,Foreign workers constituted approximately 15 percent of union members.
2024,Singapore,singapore,70500,workers,,count,Section 2. Liberty,b. Worker Rights,rules,"This would enable 70,500 workers to get better labor protection and form representative bodies called platform work associations, with legal powers similar to those of trade unions."
2024,Singapore,singapore,100,individuals,an estimated,count,Section 2. Liberty,b. Worker Rights,rules,"In January e-commerce company Lazada suddenly laid off an estimated 100 individuals without prior notice or consultation with the National Trade Union Congress and its affiliate at Lazada, even though the company was headquartered in Singapore."
2024,Singapore,singapore,442900,migrant,approximately,count,Section 2. Liberty,b. Worker Rights,rules,"As of June, approximately 442,900 migrant workers employed in the construction, marine shipyard, and processes sector lived in the country, with most residing in regulated dormitory housing that met clearly defined living standard conditions."
2024,Singapore,singapore,11,percent,approximately,percentage,Section 2. Liberty,b. Worker Rights,rules,The World Bank estimated the informal economy in 2018 constituted approximately 11 percent of GDP.
2024,Slovakia,slovakia,48,incidents,,count,Section 2. Liberty,a. Freedom of the Press,rules,"The ICJK, which operated the Safe Journalism online platform, recorded 48 incidents targeting journalists between January 1 and July 9."
2024,Slovakia,slovakia,12,cases,,count,Section 2. Liberty,a. Freedom of the Press,rules,"In 12 cases, politicians were responsible for the incidents, while three cases were linked to politically affiliated individuals or institutions."
2024,Slovakia,slovakia,48,incidents,,count,Section 2. Liberty,a. Freedom of the Press,rules,"In the 48 incidents documented by the ICJK, harassers targeted women journalists in 29 of them."
2024,Slovakia,slovakia,15,percent,up to,percentage,Section 2. Liberty,b. Worker Rights,rules,Experts estimated the informal sector accounted for up to 15 percent of the country’s gross domestic product.
2024,Slovenia,slovenia,10,percent,at least,percentage,Section 2. Liberty,b. Worker Rights,rules,The law required unionization of at least 10 percent of workers in a sector before the sector could engage in collective bargaining.
2024,Slovenia,slovenia,15,percent,at least,percentage,Section 2. Liberty,b. Worker Rights,rules,"At the enterprise level, unionization of at least 15 percent of workers in a company or an organization was required before that union could engage in bargaining."
2024,Slovenia,slovenia,20,percent,approximately,percentage,Section 2. Liberty,b. Worker Rights,rules,Local NGOs estimated approximately 20 percent of the labor force belonged to a union and approximately 80 percent of the labor force was covered by a collective bargaining agreement.
2024,Slovenia,slovenia,80,percent,approximately,percentage,Section 2. Liberty,b. Worker Rights,rules,Local NGOs estimated approximately 20 percent of the labor force belonged to a union and approximately 80 percent of the labor force was covered by a collective bargaining agreement.
2024,Slovenia,slovenia,5.8,percent,,percentage,Section 2. Liberty,b. Worker Rights,rules,The government estimated informal workers accounted for 5.8 percent of the active labor force.
2024,Slovenia,slovenia,400,persons,an estimated,count,Section 3. Security of the Person,d. Acts of Antisemitism and Antisemitic Incitement,rules,There were an estimated 400 persons of Jewish descent in the country.
2024,Solomon Islands,solomon-islands,70,percent,more than,percentage,Section 2. Liberty,b. Worker Rights,rules,The United Nations reported more than 70 percent of workers were engaged in informal and subsistence activities.
2024,Solomon Islands,solomon-islands,50,percent,approximately,percentage,Section 2. Liberty,c. Disappearance and Abduction,rules,Pretrial detainees comprised approximately 50 percent of the prisoner population.
2024,Somalia,somalia,66,cases,,count,Section 1. Life,"c. War Crimes, Crimes against Humanity, and Evidence of Acts that May Constitute Genocide, or Conflict-Related",rules,"Acts that May Constitute Genocide, or Conflict-Related Abuses The nongovernmental organization (NGO) Armed Conflict Location & Event Data (ACLED) reported 66 cases of deliberate civilian killings by government- affiliated militias, but the numbers of civilians killed due to inadequate protection of civilians during clashes was estimated to be higher."
2024,Somalia,somalia,21,persons,,count,Section 1. Life,"c. War Crimes, Crimes against Humanity, and Evidence of Acts that May Constitute Genocide, or Conflict-Related",rules,"On July 14, al-Shabaab detonated a vehicle-borne improvised explosive device at a tea shop in Mogadishu that killed eight civilians and injured another 21 persons."
2024,Somalia,somalia,95,percent,approximately,percentage,Section 2. Liberty,b. Worker Rights,rules,"Approximately 95 percent of workers worked in the informal sector, where labor regulations were not applied."
2024,Somalia,somalia,62,percent,more than,percentage,Section 3. Security of the Person,b. Protection of Children,rules,"According to the 2020 Somali Health and Demographic Survey, more than 62 percent of married women and 74 percent of unmarried girls and women ages 15 to 49 indicated they viewed forced marriage as a form of domestic violence."
2024,Somalia,somalia,74,percent,,percentage,Section 3. Security of the Person,b. Protection of Children,rules,"According to the 2020 Somali Health and Demographic Survey, more than 62 percent of married women and 74 percent of unmarried girls and women ages 15 to 49 indicated they viewed forced marriage as a form of domestic violence."
2024,South Africa,south-africa,337,persons,,count,Section 1. Life,a. Extrajudicial Killings,rules,"In January the South African Human Rights Commission (SAHRC) released a report on the 2021 unrest in KwaZulu-Natal and Gauteng Provinces that resulted in the death of 337 persons and the arrest of 3,400 others."
2024,South Africa,south-africa,50,percent,,percentage,Section 2. Liberty,b. Worker Rights,rules,"The minister of labor had the authority to extend agreements by majority employers (one or more registered employers’ organizations that represented 50 percent plus one of workers in a sector) and labor representatives in sector-specific bargaining councils to the entire sector, even if companies or employees in the sector were not represented at negotiations."
2024,South Africa,south-africa,10,persons,fewer than,count,Section 2. Liberty,b. Worker Rights,rules,A ministerial determination exempted businesses employing fewer than 10 persons from certain provisions of the law concerning overtime and leave.
2024,South Africa,south-africa,49,percent,at least,percentage,Section 2. Liberty,b. Worker Rights,rules,"They found at least 49 percent of the 2,681 worksites inspected were noncompliant."
2024,South Africa,south-africa,15139,complaints,,count,Section 2. Liberty,c. Disappearance and Abduction,rules,"The South African Police Service Annual Report: 1 April 2023 to 31 March 2024 stated there were 15,139 complaints of unlawful arrest and detention."
2024,South Africa,south-africa,60,percent,fewer than,percentage,Section 2. Liberty,c. Disappearance and Abduction,rules,Legal scholars estimated fewer than 60 percent of those charged were convicted.
2024,South Africa,south-africa,70,percent,more than,percentage,Section 3. Security of the Person,d. Acts of Antisemitism and Antisemitic Incitement,rules,"More than 70 percent of the incidents occurred following Hamas’s October 7 terrorist attack against Israel, the majority in Johannesburg and Cape Town."
2024,South Korea (Republic of Korea),south-korea,50,percent,up to,percentage,Section 2. Liberty,b. Worker Rights,rules,"The trade union law prohibited the use of replacement workers to conduct general business disrupted by legal strikes, but in essential services, employers could hire replacements for up to 50 percent of striking workers."
2024,South Korea (Republic of Korea),south-korea,90,percent,approximately,percentage,Section 2. Liberty,b. Worker Rights,rules,The Ministry of Oceans and Fisheries reported the minimum wage for migrant crewmembers was approximately 90 percent of Korean crewmembers’ minimum wage.
2024,South Korea (Republic of Korea),south-korea,812,individuals,,count,Section 2. Liberty,b. Worker Rights,rules,"According to the ministry, 85 of the 812 individuals killed in industrial accidents in 2023 were foreigners."
2024,South Korea (Republic of Korea),south-korea,18.5,percent,,percentage,Section 2. Liberty,b. Worker Rights,rules,"The most recent estimate from the International Labor Organization’s Department of Statistics, released in 2023, found 18.5 percent of the workforce was engaged in “vulnerable employment.”"
2024,South Korea (Republic of Korea),south-korea,1.7,percent,,percentage,Section 3. Security of the Person,c. Protection to Refugees,rules,"The recognition rate for asylum applicants, however, was just 1.7 percent from January to July, raising concerns among NGOs and advocacy groups."
2024,South Korea (Republic of Korea),south-korea,56.6,percent,,percentage,Section 3. Security of the Person,c. Protection to Refugees,rules,"The top five countries of origin were Russia, China, Kazakhstan, India, and Pakistan, accounting for 6,383 cases, or 56.6 percent of total applications."
2024,South Korea (Republic of Korea),south-korea,6383,cases,,count,Section 3. Security of the Person,c. Protection to Refugees,rules,"The top five countries of origin were Russia, China, Kazakhstan, India, and Pakistan, accounting for 6,383 cases, or 56.6 percent of total applications."
2024,South Korea (Republic of Korea),south-korea,1000,individuals,approximately,count,Section 3. Security of the Person,d. Acts of Antisemitism and Antisemitic Incitement,rules,"The Jewish community numbered approximately 1,000 individuals, almost all expatriates."
2024,South Sudan,south-sudan,910,deaths,,count,Section 1. Life,a. Extrajudicial Killings,rules,"According to UN Mission in South Sudan (UNMISS) August and October reports covering the first half of the year, 557 violent incidents were recorded nationwide, resulting in 910 deaths and 625 injuries."
2024,South Sudan,south-sudan,18,persons,,count,Section 1. Life,a. Extrajudicial Killings,rules,The August UNMISS report stated that members of the South Sudan’s People’s Defense Forces (SSPDF) killed 18 persons.
2024,South Sudan,south-sudan,58,attacks,at least,count,Section 1. Life,a. Extrajudicial Killings,rules,"Between February and August, UNMISS reported at least 100 civilians died in Jonglei and the Greater Pibor Administrative Area in at least 58 attacks by armed youths from both areas."
2024,South Sudan,south-sudan,80,percent,more than,percentage,Section 2. Liberty,b. Worker Rights,rules,"Few workers were engaged in formal wage employment, with more than 80 percent of the population engaged in nonwage work, including subsistence or small-scale agriculture not covered by labor law."
2024,South Sudan,south-sudan,66,percent,more than,percentage,Section 2. Liberty,b. Worker Rights,rules,"More than 66 percent of workers were in the informal sector in 2019, according to African Futures research from the Institute for Security Studies."
2024,South Sudan,south-sudan,6000,cases,more than,count,Section 2. Liberty,c. Disappearance and Abduction,rules,"In August, the International Committee of the Red Cross reported tracking more than 6,000 cases of missing persons since the initial post- independence conflict began in 2013."
2024,South Sudan,south-sudan,6300,cases,,count,Section 3. Security of the Person,b. Protection of Children,rules,"Since 2013 the United Nations verified more than 13,000 serious abuses that included 6,300 cases of recruitment and use of children."
2024,South Sudan,south-sudan,3700,children,more than,count,Section 3. Security of the Person,b. Protection of Children,rules,"During the same period, more than 3,700 children associated with armed forces and armed groups were released."
2024,Spain,spain,90,percent,,percentage,Section 2. Liberty,b. Worker Rights,rules,Collective bargaining agreements covered 90 percent of the workforce in the public and private sectors.
2024,Spain,spain,5,percent,,percentage,Section 2. Liberty,b. Worker Rights,rules,"In February the government increased the monthly minimum wage to 1,323 euros ($1378), representing a 5 percent increase from 2023."
2024,Spain,spain,20.6,percent,an estimated,percentage,Section 2. Liberty,b. Worker Rights,rules,"According to data published by the World Bank, the informal economy represented an estimated 20.6 percent of the country’s gross domestic product in 2020, the most recent year for which data were available."
2024,Spain,spain,27,children,,count,Section 3. Security of the Person,b. Protection of Children,rules,"In 2022 the most recent year for which data were available, the Ministry of Labor detected 50 violations of child labor laws that involved 27 children between ages 16 and 18, and 28 violations involving 29 children younger than age 16."
2024,Spain,spain,29,children,,count,Section 3. Security of the Person,b. Protection of Children,rules,"In 2022 the most recent year for which data were available, the Ministry of Labor detected 50 violations of child labor laws that involved 27 children between ages 16 and 18, and 28 violations involving 29 children younger than age 16."
2024,Spain,spain,2500,complaints,more than,count,Section 3. Security of the Person,c. Protection to Refugees,rules,"In its 2023 report, the Office of the Ombudsman reported it processed more than 2,500 complaints related to the difficulty of obtaining appointments for requesting international protection."
2024,Spain,spain,1111,individuals,,count,Section 3. Security of the Person,c. Protection to Refugees,rules,"According to UNHCR, the government resettled 1,111 individuals in 2023, including 72 through a labor pathway that verified migrants had employment, including job training, prior to arrival in the country."
2024,Spain,spain,45000,persons,,count,Section 3. Security of the Person,d. Acts of Antisemitism and Antisemitic Incitement,rules,"The Jewish population was estimated at 45,000 persons."
2024,Spain,spain,77,percent,,percentage,Section 3. Security of the Person,d. Acts of Antisemitism and Antisemitic Incitement,rules,"The Ministry of the Interior reported a significant increase in the number of antisemitic hate crimes from 13 in 2022 to 23 in 2023, a 77 percent increase."
2024,Sri Lanka,sri-lanka,40,percent,,percentage,Section 2. Liberty,b. Worker Rights,rules,"Seven workers might form a union, adopt a charter, elect leaders, and publicize their views, but a union had to represent 40 percent of workers at a given enterprise before the law obligated the employer to bargain with the union."
2024,Sri Lanka,sri-lanka,40,percent,,percentage,Section 2. Liberty,b. Worker Rights,rules,Unions that did not meet the 40 percent threshold could merge with others and operate as one.
2024,Sri Lanka,sri-lanka,684,cases,,count,Section 2. Liberty,b. Worker Rights,rules,The department reported that during the year workers filed six cases under the Termination of Employment and Workmen Act and 684 cases under the Payment of Gratuity Act.
2024,Sri Lanka,sri-lanka,58,percent,approximately,percentage,Section 2. Liberty,b. Worker Rights,rules,"According to the 2021 Labor Force Survey (most recent data available), approximately 58 percent of the country’s workforce was employed in the informal sector."
2024,Sri Lanka,sri-lanka,89,percent,approximately,percentage,Section 2. Liberty,b. Worker Rights,rules,"In agriculture, approximately 89 percent of employment was informal."
2024,Sri Lanka,sri-lanka,203,families,,count,Section 2. Liberty,c. Disappearance and Abduction,rules,"As of July, the government reported payments totaling 40.6 million rupees ($126,000) of relief to 203 families of persons from the north and east."
2024,Sri Lanka,sri-lanka,11,individuals,,count,Section 2. Liberty,c. Disappearance and Abduction,rules,There was no progress on the “Navy 11” case of the abduction and disappearance of 11 individuals from Colombo in 2008 and 2009 involving former navy Commander Wasantha Karannagoda.
2024,Sri Lanka,sri-lanka,838,complaints,,count,Section 2. Liberty,c. Disappearance and Abduction,rules,"The HRCSL received 838 complaints of arbitrary arrest or detention between January and August, including the arrests of journalists and politicians."
2024,Sri Lanka,sri-lanka,46,cases,,count,Section 2. Liberty,c. Disappearance and Abduction,rules,"According to the HRCSL, authorities notified the HRCSL of 46 cases of arrests and detentions under the PTA between January 2023 and March 2024."
2024,Sri Lanka,sri-lanka,10,arrests,at least,count,Section 2. Liberty,c. Disappearance and Abduction,rules,"Despite the government’s stance of a de facto moratorium on the use of the PTA since 2022, there were reports of at least 10 arrests under the PTA."
2024,Sri Lanka,sri-lanka,13,individuals,,count,Section 2. Liberty,c. Disappearance and Abduction,rules,"As of February 8, courts released all 13 individuals arrested under the PTA in November 2023 for alleged use of illegal symbols or images glorifying the LTTE during participation in LTTE Great Heroes Day, an annual event to commemorate fallen LTTE fighters."
2024,Sri Lanka,sri-lanka,115,cases,,count,Section 3. Security of the Person,"a. Torture and Cruel, Inhuman, or Degrading Treatment or Punishment",rules,"On June 26, speaking at an event to mark the International Day in Support of Victims of Torture, Gehan Gunatilake, the HRCSL commissioner, stated only 115 cases had been filed under the 1994 Convention Against Torture and Other Cruel, Inhuman or Degrading Treatment or Punishment Act, resulting in fewer than 10 convictions."
2024,Sri Lanka,sri-lanka,10,convictions,fewer than,count,Section 3. Security of the Person,"a. Torture and Cruel, Inhuman, or Degrading Treatment or Punishment",rules,"On June 26, speaking at an event to mark the International Day in Support of Victims of Torture, Gehan Gunatilake, the HRCSL commissioner, stated only 115 cases had been filed under the 1994 Convention Against Torture and Other Cruel, Inhuman or Degrading Treatment or Punishment Act, resulting in fewer than 10 convictions."
2024,Sri Lanka,sri-lanka,2845,complaints,,count,Section 3. Security of the Person,"a. Torture and Cruel, Inhuman, or Degrading Treatment or Punishment",rules,"Between January 2023 and March 2024, the HRCSL documented 2,845 complaints of torture and 675 complaints of degrading treatment."
2024,Sri Lanka,sri-lanka,675,complaints,,count,Section 3. Security of the Person,"a. Torture and Cruel, Inhuman, or Degrading Treatment or Punishment",rules,"Between January 2023 and March 2024, the HRCSL documented 2,845 complaints of torture and 675 complaints of degrading treatment."
2024,Sri Lanka,sri-lanka,2293,detainees,,count,Section 3. Security of the Person,"a. Torture and Cruel, Inhuman, or Degrading Treatment or Punishment",rules,"From January to June, the HRCSL conducted 992 police station visits and 36 prison visits and met 2,293 detainees at police stations."
2024,Sri Lanka,sri-lanka,3000,persons,fewer than,count,Section 3. Security of the Person,"a. Torture and Cruel, Inhuman, or Degrading Treatment or Punishment",rules,"There were no recent statistics on the prevalence of FGM/C in the country, but one NGO reported it was highly prevalent among the small Dawoodi Bohra community (fewer than 3,000 persons), where it was considered an essential ritual, and common among Moor and Malay communities."
2024,Sri Lanka,sri-lanka,118,individuals,,count,Section 3. Security of the Person,e. Instances of Transnational Repression,rules,"It also renewed the banning of 118 individuals, including diaspora Tamil members, former LTTE and individuals arrested released on bail or detained under the PTA, and Muslims, mostly arrested and released on bail or detained under the PTA for the Easter Sunday attack, including those living overseas."
2024,Sudan,sudan,124,persons,,count,Section 1. Life,a. Extrajudicial Killings,rules,"On October 25, the RSF attacked Al Seriha Village, approximately 60 miles northwest of Wad Medani, the capital of Gezira State, killing 124 persons and injuring more than 200."
2024,Sudan,sudan,70,percent,more than,percentage,Section 1. Life,"c. War Crimes, Crimes against Humanity, and Evidence of Acts that May Constitute Genocide, or Conflict-Related",rules,"According to UNICEF, as of late August, at least 77 hospitals throughout the country came under attack and more than 70 percent of health facilities were nonfunctional, with supplies running low and replenishing difficult due to limited access."
2024,Sudan,sudan,90,percent,,percentage,Section 2. Liberty,b. Worker Rights,rules,"Almost 90 percent of citizens were employed in the informal sector, according to reports by economists."
2024,Sudan,sudan,21,women,more than,count,Section 3. Security of the Person,"a. Torture and Cruel, Inhuman, or Degrading Treatment or Punishment",rules,"According to an August 19 Mashhad Human Rights Observatory report, RSF militants raped more than 21 women and girls in Sennar State since the RSF began attacking the state on June 25."
2024,Sudan,sudan,87,percent,,percentage,Section 3. Security of the Person,"a. Torture and Cruel, Inhuman, or Degrading Treatment or Punishment",rules,"According to 2014 data reported by UNICEF and the UN Population Fund (UNFPA) (the most recent available), the prevalence rate of FGM/C experienced by girls and women between ages 15 and 49 was 87 percent."
2024,Sudan,sudan,46,percent,,percentage,Section 3. Security of the Person,b. Protection of Children,rules,UNICEF estimated that 46 percent of children ages five to 14 were engaged in child labor.
2024,Sudan,sudan,12,percent,,percentage,Section 3. Security of the Person,b. Protection of Children,rules,"According to UNICEF and the UNFPA, 12 percent of women were married before age 15, and 34 percent were married before age 18."
2024,Sudan,sudan,34,percent,,percentage,Section 3. Security of the Person,b. Protection of Children,rules,"According to UNICEF and the UNFPA, 12 percent of women were married before age 15, and 34 percent were married before age 18."
2024,Suriname,suriname,15,percent,,percentage,Section 2. Liberty,b. Worker Rights,rules,"Reliable information was not available, but observers estimated 15 percent of the working-age population worked in the informal economy, where there was limited enforcement of labor laws."
2024,Suriname,suriname,100,persons,approximately,count,Section 3. Security of the Person,d. Acts of Antisemitism and Antisemitic Incitement,rules,There was a Jewish community of approximately 100 persons.
2024,Switzerland,switzerland,50,percent,approximately,percentage,Section 2. Liberty,b. Worker Rights,rules,"Collective agreements on working conditions, including sectoral minimum wages, covered approximately 50 percent of the workforce."
2024,Switzerland,switzerland,7.5,percent,approximately,percentage,Section 2. Liberty,b. Worker Rights,rules,The International Monetary Fund estimated the informal sector to constitute approximately 7.5 percent of the economy.
2024,Syria,syria,242,children,,count,Section 1. Life,a. Extrajudicial Killings,rules,"According to the Syrian Network for Human Rights (SNHR), at least 1,264 civilians, including 242 children and 118 women, were killed by conflict parties between January and September."
2024,Syria,syria,118,women,,count,Section 1. Life,a. Extrajudicial Killings,rules,"According to the Syrian Network for Human Rights (SNHR), at least 1,264 civilians, including 242 children and 118 women, were killed by conflict parties between January and September."
2024,Syria,syria,92,children,,count,Section 1. Life,a. Extrajudicial Killings,rules,"The regime was responsible for 356 of these documented killings, including 92 children and 40 women, according to the SNHR."
2024,Syria,syria,40,women,,count,Section 1. Life,a. Extrajudicial Killings,rules,"The regime was responsible for 356 of these documented killings, including 92 children and 40 women, according to the SNHR."
2024,Syria,syria,86,individuals,at least,count,Section 1. Life,a. Extrajudicial Killings,rules,"According to the SNHR, at least 86 individuals, including four children and one woman, died during the year from torture inflicted by parties to the conflict."
2024,Syria,syria,242,children,at least,count,Section 1. Life,"c. War Crimes, Crimes against Humanity, and Evidence of Acts that May Constitute Genocide, or Conflict-Related",rules,"The SNHR reported parties to the conflict killed 1,264 civilians, including at least 242 children and 118 women, during the year."
2024,Syria,syria,118,women,,count,Section 1. Life,"c. War Crimes, Crimes against Humanity, and Evidence of Acts that May Constitute Genocide, or Conflict-Related",rules,"The SNHR reported parties to the conflict killed 1,264 civilians, including at least 242 children and 118 women, during the year."
2024,Syria,syria,101,children,,count,Section 1. Life,"c. War Crimes, Crimes against Humanity, and Evidence of Acts that May Constitute Genocide, or Conflict-Related",rules,"According to the SNHR, the regime and its Russian and Iranian allies killed 385 civilians, including 101 children and 42 women during the year."
2024,Syria,syria,42,women,,count,Section 1. Life,"c. War Crimes, Crimes against Humanity, and Evidence of Acts that May Constitute Genocide, or Conflict-Related",rules,"According to the SNHR, the regime and its Russian and Iranian allies killed 385 civilians, including 101 children and 42 women during the year."
2024,Syria,syria,99,children,,count,Section 1. Life,"c. War Crimes, Crimes against Humanity, and Evidence of Acts that May Constitute Genocide, or Conflict-Related",rules,"The SNHR recorded at least 33 massacres, which they defined as any incident in which a party killed five or more noncombatants, resulting in the deaths of at least 349 civilians, including 99 children and 48 women during the year."
2024,Syria,syria,48,women,,count,Section 1. Life,"c. War Crimes, Crimes against Humanity, and Evidence of Acts that May Constitute Genocide, or Conflict-Related",rules,"The SNHR recorded at least 33 massacres, which they defined as any incident in which a party killed five or more noncombatants, resulting in the deaths of at least 349 civilians, including 99 children and 48 women during the year."
2024,Syria,syria,28,persons,,count,Section 1. Life,"c. War Crimes, Crimes against Humanity, and Evidence of Acts that May Constitute Genocide, or Conflict-Related",rules,"The regime, Russian forces, or aligned militias were responsible for four of the massacres, killing 28 persons, including 21 children and eight women."
2024,Syria,syria,21,children,,count,Section 1. Life,"c. War Crimes, Crimes against Humanity, and Evidence of Acts that May Constitute Genocide, or Conflict-Related",rules,"The regime, Russian forces, or aligned militias were responsible for four of the massacres, killing 28 persons, including 21 children and eight women."
2024,Syria,syria,1549,children,,count,Section 1. Life,"c. War Crimes, Crimes against Humanity, and Evidence of Acts that May Constitute Genocide, or Conflict-Related",rules,"The Office of the UN Special Representative of the Secretary-General for Children and Armed Conflict reported in June it had verified 1,574 grave violations against 1,549 children in 2023, including the killing and maiming of at least 475 children, attributing the plurality of cases to the regime and proregime forces."
2024,Syria,syria,475,children,at least,count,Section 1. Life,"c. War Crimes, Crimes against Humanity, and Evidence of Acts that May Constitute Genocide, or Conflict-Related",rules,"The Office of the UN Special Representative of the Secretary-General for Children and Armed Conflict reported in June it had verified 1,574 grave violations against 1,549 children in 2023, including the killing and maiming of at least 475 children, attributing the plurality of cases to the regime and proregime forces."
2024,Syria,syria,23,children,,count,Section 1. Life,"c. War Crimes, Crimes against Humanity, and Evidence of Acts that May Constitute Genocide, or Conflict-Related",rules,"The SNHR documented the Syrian Democratic Forces (SDF) killed 166 civilians, including 23 children and six women, during the year."
2024,Syria,syria,68,detainees,,count,Section 1. Life,"c. War Crimes, Crimes against Humanity, and Evidence of Acts that May Constitute Genocide, or Conflict-Related",rules,"HRW also reported in February that Turkish authorities and the SNA often arrested and illegally transferred Syrian nationals to Turkey to face trial, an act HRW claimed was prohibited under the law of occupation “regardless of its motive.” On March 19, Turkish forces transferred from the SNA’s al-Rai’i prison 16 Syrian detainees, including three children, to Turkey via the Bab al- Salama crossing, marking the eighth transfer of its kind that month totaling 68 detainees (including 19 women and seven children), according to local media."
2024,Syria,syria,19,women,,count,Section 1. Life,"c. War Crimes, Crimes against Humanity, and Evidence of Acts that May Constitute Genocide, or Conflict-Related",rules,"HRW also reported in February that Turkish authorities and the SNA often arrested and illegally transferred Syrian nationals to Turkey to face trial, an act HRW claimed was prohibited under the law of occupation “regardless of its motive.” On March 19, Turkish forces transferred from the SNA’s al-Rai’i prison 16 Syrian detainees, including three children, to Turkey via the Bab al- Salama crossing, marking the eighth transfer of its kind that month totaling 68 detainees (including 19 women and seven children), according to local media."
2024,Syria,syria,11,individuals,at least,count,Section 1. Life,"c. War Crimes, Crimes against Humanity, and Evidence of Acts that May Constitute Genocide, or Conflict-Related",rules,"On February 22, the Investigation and Identification Team of the Organization for the Prohibition of Chemical Weapons released a report concluding there were reasonable grounds to believe that on September 1, 2015, units of ISIS conducted a chemical weapons attack in Marea exposing at least 11 individuals to sulfur mustard."
2024,Syria,syria,24,journalists,,count,Section 2. Liberty,a. Freedom of the Press,rules,"Reporters Without Borders reported 24 journalists and one media worker remained in detention as of November and stated the risk of arrest, abduction, torture, or death had caused journalists to flee the country."
2024,Syria,syria,20,workers,more than,count,Section 2. Liberty,b. Worker Rights,rules,"Laws enforced by the Assad regime prohibited strikes involving more than 20 workers in certain sectors, including transportation and telecommunications, or strikes resembling public demonstrations."
2024,Syria,syria,50,percent,,percentage,Section 2. Liberty,b. Worker Rights,rules,"On February 5, according to local media, the regime issued decrees increasing public and private sector salaries as well as military and civilian pensions by 50 percent, but these did not offset a 100- percent increase in bread prices and significant fuel price increases."
2024,Syria,syria,113218,individuals,at least,count,Section 2. Liberty,c. Disappearance and Abduction,rules,"The SNHR documented that at least 113,218 individuals, including 3,129 children and 6,712 women, remained forcibly disappeared by parties to the conflict through August."
2024,Syria,syria,3129,children,,count,Section 2. Liberty,c. Disappearance and Abduction,rules,"The SNHR documented that at least 113,218 individuals, including 3,129 children and 6,712 women, remained forcibly disappeared by parties to the conflict through August."
2024,Syria,syria,6712,women,,count,Section 2. Liberty,c. Disappearance and Abduction,rules,"The SNHR documented that at least 113,218 individuals, including 3,129 children and 6,712 women, remained forcibly disappeared by parties to the conflict through August."
2024,Syria,syria,87,percent,approximately,percentage,Section 2. Liberty,c. Disappearance and Abduction,rules,"According to the SNHR, the Assad regime was responsible for approximately 87 percent of those disappearances (96,321), 2,329 of which were children and 5,742 were women."
2024,Syria,syria,1083,persons,,count,Section 2. Liberty,c. Disappearance and Abduction,rules,"The SNHR documented that parties to the conflict forcibly disappeared 1,083 persons during the year, with the regime responsible for 123 of these cases."
2024,Syria,syria,13,deaths,,count,Section 2. Liberty,c. Disappearance and Abduction,rules,"According to the SNHR, the regime’s civil registry recorded 13 deaths of disappeared persons as of August."
2024,Syria,syria,8684,individuals,,count,Section 2. Liberty,c. Disappearance and Abduction,rules,"Although ISIS no longer controlled territory, the fate of 8,684 individuals, including 319 children and 255 women, abducted by ISIS since 2014 remained unknown, according to the SNHR."
2024,Syria,syria,319,children,,count,Section 2. Liberty,c. Disappearance and Abduction,rules,"Although ISIS no longer controlled territory, the fate of 8,684 individuals, including 319 children and 255 women, abducted by ISIS since 2014 remained unknown, according to the SNHR."
2024,Syria,syria,255,women,,count,Section 2. Liberty,c. Disappearance and Abduction,rules,"Although ISIS no longer controlled territory, the fate of 8,684 individuals, including 319 children and 255 women, abducted by ISIS since 2014 remained unknown, according to the SNHR."
2024,Syria,syria,2700,women,more than,count,Section 2. Liberty,c. Disappearance and Abduction,rules,"More than 2,700 women and children, mainly Yezidis, remained unaccounted for after ISIS reportedly transferred them and others from Iraq to Syria and exploited them in sex trafficking, forced them into nominal marriage to ISIS fighters, or gave them as “gifts” to ISIS commanders."
2024,Syria,syria,87,percent,approximately,percentage,Section 2. Liberty,c. Disappearance and Abduction,rules,"As of August, the SNHR reported at least 157,634 persons, including 5,274 children and 10,221 women, remained detained or forcibly disappeared by parties to the conflict; it attributed approximately 87 percent of these cases to the regime."
2024,Syria,syria,157634,persons,at least,count,Section 2. Liberty,c. Disappearance and Abduction,rules,"As of August, the SNHR reported at least 157,634 persons, including 5,274 children and 10,221 women, remained detained or forcibly disappeared by parties to the conflict; it attributed approximately 87 percent of these cases to the regime."
2024,Syria,syria,5274,children,,count,Section 2. Liberty,c. Disappearance and Abduction,rules,"As of August, the SNHR reported at least 157,634 persons, including 5,274 children and 10,221 women, remained detained or forcibly disappeared by parties to the conflict; it attributed approximately 87 percent of these cases to the regime."
2024,Syria,syria,10221,women,,count,Section 2. Liberty,c. Disappearance and Abduction,rules,"As of August, the SNHR reported at least 157,634 persons, including 5,274 children and 10,221 women, remained detained or forcibly disappeared by parties to the conflict; it attributed approximately 87 percent of these cases to the regime."
2024,Syria,syria,79,children,,count,Section 2. Liberty,c. Disappearance and Abduction,rules,"According to the SNHR, the SDF detained 581 civilians, including 79 children and eight women, through the end of the year."
2024,Syria,syria,257,individuals,,count,Section 2. Liberty,c. Disappearance and Abduction,rules,"According to the SNHR, HTS detained 257 individuals, including three children and 10 women, during the year, including during widespread peaceful protests beginning in February in response to HTS arrest campaigns against their own members and reports of torture and mistreatment of detainees."
2024,Syria,syria,10,women,,count,Section 2. Liberty,c. Disappearance and Abduction,rules,"According to the SNHR, HTS detained 257 individuals, including three children and 10 women, during the year, including during widespread peaceful protests beginning in February in response to HTS arrest campaigns against their own members and reports of torture and mistreatment of detainees."
2024,Syria,syria,55,persons,,count,Section 2. Liberty,c. Disappearance and Abduction,rules,"On February 1, HTS members raided Deir Hassan camp north of Idlib and arrested 55 persons, including eight women, on charges of inciting opposition to HTS leader Ahmed al-Sharaa (also known as Abu Muhammed al-Jolani) and threatening local security, according to local media."
2024,Syria,syria,423,individuals,at least,count,Section 2. Liberty,c. Disappearance and Abduction,rules,"According to the SNHR, SNA factions detained at least 423 individuals, including 10 children and 16 women, through the end of the year."
2024,Syria,syria,10,children,,count,Section 2. Liberty,c. Disappearance and Abduction,rules,"According to the SNHR, SNA factions detained at least 423 individuals, including 10 children and 16 women, through the end of the year."
2024,Syria,syria,16,women,,count,Section 2. Liberty,c. Disappearance and Abduction,rules,"According to the SNHR, SNA factions detained at least 423 individuals, including 10 children and 16 women, through the end of the year."
2024,Syria,syria,15,individuals,,count,Section 2. Liberty,c. Disappearance and Abduction,rules,"On January 1, the SNA arrested 15 individuals from various areas in Afrin on charges of dealing with “foreign parties,” meaning the DAANES, according to local media."
2024,Syria,syria,52,deaths,,count,Section 3. Security of the Person,"a. Torture and Cruel, Inhuman, or Degrading Treatment or Punishment",rules,"Through the end of the year, the SNHR attributed 52 deaths due to torture to the regime."
2024,Syria,syria,10,deaths,,count,Section 3. Security of the Person,"a. Torture and Cruel, Inhuman, or Degrading Treatment or Punishment",rules,"Through the end of the year, the SNHR attributed 10 deaths due to torture, including children and one woman, to the SDF."
2024,Syria,syria,17,deaths,,count,Section 3. Security of the Person,"a. Torture and Cruel, Inhuman, or Degrading Treatment or Punishment",rules,"Through the year, the SNHR attributed 17 deaths in Idlib due to torture to HTS."
2024,Syria,syria,1073,children,,count,Section 3. Security of the Person,b. Protection of Children,rules,"The UN Secretary-General Annual Report on Children and Armed Conflict, published in June, reported the recruitment and use of 1,073 children (1,059 boys and 14 girls) in the conflict between January and December 2023."
2024,Syria,syria,1059,boys,,count,Section 3. Security of the Person,b. Protection of Children,rules,"The UN Secretary-General Annual Report on Children and Armed Conflict, published in June, reported the recruitment and use of 1,073 children (1,059 boys and 14 girls) in the conflict between January and December 2023."
2024,Syria,syria,14,girls,,count,Section 3. Security of the Person,b. Protection of Children,rules,"The UN Secretary-General Annual Report on Children and Armed Conflict, published in June, reported the recruitment and use of 1,073 children (1,059 boys and 14 girls) in the conflict between January and December 2023."
2024,Syria,syria,13,percent,,percentage,Section 3. Security of the Person,b. Protection of Children,rules,Most recent data reported that 13 percent of Syrian girls married before age 18.
2024,Taiwan,taiwan,30,workers,fewer than,count,Section 2. Liberty,b. Worker Rights,rules,Employees in companies with fewer than 30 workers could only join a professional or industrial union to exercise their rights.
2024,Taiwan,taiwan,50,percent,,percentage,Section 2. Liberty,b. Worker Rights,rules,"Employers, however, reportedly used tactics such as increasing the number of workers employed so the 50 percent threshold could not be met."
2024,Taiwan,taiwan,4989,migrant,,count,Section 2. Liberty,b. Worker Rights,rules,"The Fisheries Agency acknowledged the need for more inspectors; it conducted annual labor inspections of approximately 676 vessels employing 4,989 migrant fishermen in the distant-water fishing fleet."
2024,Taiwan,taiwan,900000,workers,more than,count,Section 2. Liberty,b. Worker Rights,rules,"Official estimates suggested more than 900,000 workers had a second or part-time job or worked in the “gig economy,” particularly in the courier and logistics service sectors."
2024,Taiwan,taiwan,87575,migrant,more than,count,Section 2. Liberty,b. Worker Rights,rules,"Authorities estimated more than 87,575 migrant workers were not in touch with their legal employers and likely remained informally employed elsewhere, not enjoying applicable labor protections."
2024,Taiwan,taiwan,1000,individuals,fewer than,count,Section 3. Security of the Person,d. Acts of Antisemitism and Antisemitic Incitement,rules,"The Jewish community was estimated at fewer than 1,000 individuals, predominately foreign residents."
2024,Tajikistan,tajikistan,90,percent,,percentage,Section 2. Liberty,b. Worker Rights,rules,Collective bargaining contracts covered 90 percent of workers in the formal sector.
2024,Tajikistan,tajikistan,60,percent,more than,percentage,Section 2. Liberty,b. Worker Rights,rules,"Farmers and agricultural workers, accounting for more than 60 percent of employment in the country, continued to work under difficult conditions, including the use of pesticides and herbicides without proper protective equipment and the operation of heavy machinery under unsafe circumstances."
2024,Tajikistan,tajikistan,60,percent,up to,percentage,Section 2. Liberty,b. Worker Rights,rules,The informal sector accounted for up to 60 percent of economic production and approximately half of the labor force.
2024,Tajikistan,tajikistan,600,persons,,count,Section 3. Security of the Person,d. Acts of Antisemitism and Antisemitic Incitement,rules,"The country had a small Jewish community, estimated by the World Jewish Congress as 200 to 600 persons."
2024,Tanzania,tanzania,12,persons,at least,count,Section 2. Liberty,a. Freedom of the Press,rules,"At least 12 persons were arrested under the Cybercrimes Act during the year, including one who was sentenced to three years in prison."
2024,Tanzania,tanzania,75,percent,at least,percentage,Section 2. Liberty,b. Worker Rights,rules,"For a strike to be declared legal, the law required three separate notifications of intent, a waiting period of at least 92 days, and a union vote in the presence of a Ministry of Labour official that garnered approval by at least 75 percent of the members voting."
2024,Tanzania,tanzania,38,percent,,percentage,Section 2. Liberty,b. Worker Rights,rules,"All employees in the survey indicated they worked overtime at some point, but only 38 percent reported receiving overtime pay."
2024,Tanzania,tanzania,76,percent,,percentage,Section 2. Liberty,b. Worker Rights,rules,The International Labor Organization reported 76 percent of nonagricultural workers in the country were in the informal sector.
2024,Tanzania,tanzania,5,percent,approximately,percentage,Section 2. Liberty,b. Worker Rights,rules,Approximately 5 percent of the working population (mostly women and girls) was employed in informal domestic work.
2024,Tanzania,tanzania,90,persons,,count,Section 2. Liberty,c. Disappearance and Abduction,rules,"Other observers alleged between 60 and 90 persons, including CHADEMA members and civil society activists, disappeared in July and August alone."
2024,Tanzania,tanzania,520,persons,more than,count,Section 2. Liberty,c. Disappearance and Abduction,rules,"On August 11 and 12, police arrested more than 520 persons, mostly opposition party CHADEMA leaders and youth wing members as well as journalists and lawyers, as they traveled to a planned rally in Mbeya."
2024,Tanzania,tanzania,14,individuals,,count,Section 2. Liberty,c. Disappearance and Abduction,rules,"On September 23, 14 individuals were arrested, including CHADEMA leaders and journalists."
2024,Tanzania,tanzania,14,incidents,,count,Section 3. Security of the Person,b. Protection of Children,rules,"During the year, the LHRC documented 14 incidents of child marriage."
2024,Tanzania,tanzania,1469,women,,count,Section 3. Security of the Person,c. Protection to Refugees,rules,"Service providers identified 1,469 women survived sexual violence in the Nduta and Nyarugusu camps."
2024,Tanzania,tanzania,85,percent,more than,percentage,Section 3. Security of the Person,c. Protection to Refugees,rules,The asylum rejection rate was more than 85 percent.
2024,Thailand,thailand,93,deaths,,count,Section 1. Life,"c. War Crimes, Crimes against Humanity, and Evidence of Acts that May Constitute Genocide, or Conflict-Related",rules,"According to Deep South Watch, as of September violence resulted in 93 deaths and 272 injuries in 475 incidents."
2024,Thailand,thailand,475,incidents,,count,Section 1. Life,"c. War Crimes, Crimes against Humanity, and Evidence of Acts that May Constitute Genocide, or Conflict-Related",rules,"According to Deep South Watch, as of September violence resulted in 93 deaths and 272 injuries in 475 incidents."
2024,Thailand,thailand,2,attack,,count,Section 1. Life,"c. War Crimes, Crimes against Humanity, and Evidence of Acts that May Constitute Genocide, or Conflict-Related",rules,The group was returning to base after investigating a March 2 attack at a different military base.
2024,Thailand,thailand,37,cases,,count,Section 2. Liberty,a. Freedom of the Press,rules,"As of August, 37 cases were pending from charges filed following 2020 youth protests, including eight lèse majesté cases in northern provincial courts; four of these cases involved freedom of expression on an online platform, including the highly publicized case of Arnon Nampha."
2024,Thailand,thailand,10,workers,at least,count,Section 2. Liberty,b. Worker Rights,rules,"To register a union, at least 10 workers were required to submit their names to the Department of Labor Protection and Welfare within the Ministry of Labor."
2024,Thailand,thailand,20,percent,,percentage,Section 2. Liberty,b. Worker Rights,rules,The law required unions to have 20 percent of workforce membership to bargain collectively.
2024,Thailand,thailand,25,percent,,percentage,Section 2. Liberty,b. Worker Rights,rules,"In SOEs the law allowed only one union per enterprise, and if an SOE union’s membership fell below 25 percent of the eligible workforce, regulations required dissolution of the union."
2024,Thailand,thailand,15,percent,at least,percentage,Section 2. Liberty,b. Worker Rights,rules,The law allowed employees at workplaces without a union to submit collective demands if at least 15 percent of employees were listed as supporting that demand.
2024,Thailand,thailand,15,percent,,percentage,Section 2. Liberty,b. Worker Rights,rules,"The large size of the workforce – 20,000 to 30,000 employees in total – also meant that organizers were required to obtain thousands of worker signatures to meet the 15 percent threshold."
2024,Thailand,thailand,50,workers,more than,count,Section 2. Liberty,b. Worker Rights,rules,Employees in private enterprises with more than 50 workers could establish “employee committees” or “welfare committees.” Welfare committees were nominated by employees or employers and their termination was not protected by law.
2024,Thailand,thailand,50,percent,at least,percentage,Section 2. Liberty,b. Worker Rights,rules,The law required unions to call a general meeting and obtain strike approval from at least 50 percent of union members for any strike.
2024,Thailand,thailand,400,workers,approximately,count,Section 2. Liberty,b. Worker Rights,rules,"Following the case, union membership at the company reportedly shrank from approximately 400 workers to 75."
2024,Thailand,thailand,78,demonstrators,,count,Section 3. Security of the Person,"a. Torture and Cruel, Inhuman, or Degrading Treatment or Punishment",rules,"On August 24, victims and immediate family members filed suit in Narathiwat Provincial court against seven former government officials accused of murder, attempted murder, and unlawful detention in connection with the deadly dispersal of a protest in Tak Bai District in 2004, in which 78 demonstrators were killed and hundreds injured."
2024,Thailand,thailand,95000,refugees,more than,count,Section 3. Security of the Person,c. Protection to Refugees,rules,"The country hosted more than 95,000 refugees and asylum seekers and generally provided protection against forced returns."
2024,"Bahamas, The",the-bahamas,50,percent,at least,percentage,Section 2. Liberty,b. Worker Rights,rules,"To be recognized by the government, a union was required to represent at least 50 percent plus one of the affected workers."
2024,"Bahamas, The",the-bahamas,12,percent,,percentage,Section 2. Liberty,b. Worker Rights,rules,"The informal economy was estimated to represent 10-12 percent of the economy, primarily in the landscaping, construction, and hotel industries."
2024,"Bahamas, The",the-bahamas,500,persons,approximately,count,Section 3. Security of the Person,d. Acts of Antisemitism and Antisemitic Incitement,rules,The local Jewish community consisted of approximately 500 persons.
2024,"Gambia, The",the-gambia,50,workers,,count,Section 2. Liberty,b. Worker Rights,rules,"The law required a minimum membership of 50 workers for the registration of a trade union, a threshold few workplaces could meet."
2024,"Gambia, The",the-gambia,20,percent,,percentage,Section 2. Liberty,b. Worker Rights,rules,"Acceptable Work Conditions Wage and Hour Laws The law provided minimum wages in six sectors: commerce, artisans, transport, port operations, agriculture, and fisheries, covering 20 percent of workers."
2024,"Gambia, The",the-gambia,63,percent,approximately,percentage,Section 2. Liberty,b. Worker Rights,rules,"The government did not apply labor laws in the large informal sector, which accounted for approximately 63 percent of workers."
2024,"Gambia, The",the-gambia,75,percent,,percentage,Section 3. Security of the Person,"a. Torture and Cruel, Inhuman, or Degrading Treatment or Punishment",rules,"According to the United Nations Population Fund in 2020, 75 percent of girls and women between ages 15 and 49 had undergone some form of FGM/C."
2024,Timor-Leste,timor-leste,134,complaints,,count,Section 2. Liberty,b. Worker Rights,rules,The Trade Union Confederation registered 134 complaints of alleged violations of labor rights between January and September.
2024,Timor-Leste,timor-leste,77,percent,,percentage,Section 2. Liberty,b. Worker Rights,rules,"Labor law did not apply to the informal sector (overwhelmingly women), which according to a government survey in 2021 comprised 77 percent of the workforce."
2024,Timor-Leste,timor-leste,20,percent,approximately,percentage,Section 2. Liberty,c. Disappearance and Abduction,rules,Pretrial detainees comprised approximately 20 percent of the total prison population.
2024,Togo,togo,91,percent,more than,percentage,Section 2. Liberty,b. Worker Rights,rules,"According to a 2019 government-commissioned study, more than 91 percent of the country’s workforce, both urban and rural, participated in the informal economy."
2024,Togo,togo,10,detainees,,count,Section 3. Security of the Person,"a. Torture and Cruel, Inhuman, or Degrading Treatment or Punishment",rules,The government took no action on the June 2023 Economic Community of West African States Court of Justice request to investigate torture and other abuses of 10 detainees in the Tiger Revolution affair.
2024,Togo,togo,10,persons,,count,Section 3. Security of the Person,"a. Torture and Cruel, Inhuman, or Degrading Treatment or Punishment",rules,The 10 persons remained in jail.
2024,Tonga,tonga,3,percent,,percentage,Section 3. Security of the Person,b. Protection of Children,rules,"According to international civil society network Girls Not Brides, 3 percent of boys and 10 percent of girls married before age 18."
2024,Tonga,tonga,10,percent,,percentage,Section 3. Security of the Person,b. Protection of Children,rules,"According to international civil society network Girls Not Brides, 3 percent of boys and 10 percent of girls married before age 18."
2024,Trinidad and Tobago,trinidad-and-tobago,33,percent,,percentage,Section 2. Liberty,b. Worker Rights,rules,"In 2017, the Inter-American Development Bank estimated the informal sector was 26-33 percent of the workforce."
2024,Trinidad and Tobago,trinidad-and-tobago,4.3,percent,,percentage,Section 3. Security of the Person,b. Protection of Children,rules,"A 2022 survey indicated that 4.3 percent of children ages five to 17 were involved in child labor, with 2.7 percent engaged in hazardous work."
2024,Trinidad and Tobago,trinidad-and-tobago,2.7,percent,,percentage,Section 3. Security of the Person,b. Protection of Children,rules,"A 2022 survey indicated that 4.3 percent of children ages five to 17 were involved in child labor, with 2.7 percent engaged in hazardous work."
2024,Tunisia,tunisia,13,arrest,,count,Section 2. Liberty,a. Freedom of the Press,rules,"During the May 13 arrest of journalist Dahmani, authorities allegedly assaulted France 24 broadcast journalists Maryline Dumas and Hamdi Tlili, who were covering Dahmani’s arrest, and broke their camera."
2024,Tunisia,tunisia,10,journalists,,count,Section 2. Liberty,a. Freedom of the Press,rules,"According to one local human rights organization, authorities prosecuted 10 journalists from January to June."
2024,Tunisia,tunisia,125,percent,,percentage,Section 2. Liberty,b. Worker Rights,rules,"For administrative jobs in the private and public sectors, the workweek was 40 hours with 125 percent premium pay for overtime."
2024,Tunisia,tunisia,35.5,percent,,percentage,Section 2. Liberty,b. Worker Rights,rules,"The informal sector made up 35.5 percent of the economy and employed 58.8 percent of workers in 2022, the last year for which the UN Development Program published statistics."
2024,Tunisia,tunisia,58.8,percent,,percentage,Section 2. Liberty,b. Worker Rights,rules,"The informal sector made up 35.5 percent of the economy and employed 58.8 percent of workers in 2022, the last year for which the UN Development Program published statistics."
2024,Tunisia,tunisia,13,arrest,,count,Section 3. Security of the Person,"a. Torture and Cruel, Inhuman, or Degrading Treatment or Punishment",rules,"Human rights groups called on the government to investigate police conduct during the May 13 arrest at the Bar Association of lawyer Mahdi Zagrouba, who was hospitalized due to injuries sustained during his detention."
2024,Tunisia,tunisia,22,percent,,percentage,Section 3. Security of the Person,c. Protection to Refugees,rules,"According to an OMCT report, the number of asylum seekers and refugees increased from 10,000 in September 2023 to 17,000 in April, of whom 22 percent were registered refugees."
2024,Tunisia,tunisia,47,percent,nearly,percentage,Section 3. Security of the Person,c. Protection to Refugees,rules,Sudanese comprised nearly 47 percent of the country’s refugee population.
2024,Turkey,turkey,366,journalists,,count,Section 2. Liberty,a. Freedom of the Press,rules,"Between September 1, 2023, and July 20, the Media and Law Studies Association monitored 281 trials and found that 366 journalists (approximately one-fifth of all cases) were prosecuted."
2024,Turkey,turkey,64,percent,,percentage,Section 2. Liberty,a. Freedom of the Press,rules,"Among 187 defendants charged with “membership in an armed (terrorist) organization,” 64 percent were journalists."
2024,Turkey,turkey,40,percent,,percentage,Section 2. Liberty,b. Worker Rights,rules,"To become a bargaining agent, a union was required to represent 40 percent of worksite employees and 1 percent of all workers in their industry."
2024,Turkey,turkey,1,percent,,percentage,Section 2. Liberty,b. Worker Rights,rules,"To become a bargaining agent, a union was required to represent 40 percent of worksite employees and 1 percent of all workers in their industry."
2024,Turkey,turkey,400,workers,approximately,count,Section 2. Liberty,b. Worker Rights,rules,"According to the Worker Rights Consortium, in December 2023, Ozak Tekstil’s factory in Şanlıurfa, which exclusively made jeans for Levi Strauss and Company, fired approximately 400 workers after they participated in a strike."
2024,Turkey,turkey,24,children,,count,Section 2. Liberty,b. Worker Rights,rules,"Among these, 24 children were in the agriculture sector, 17 in an industrial sector, 13 in the construction sector, and 12 in the service sector."
2024,Turkey,turkey,31,percent,,percentage,Section 2. Liberty,b. Worker Rights,rules,"According to World Economics 2023 statistics, the country’s informal economy represented 31 percent of GDP."
2024,Turkey,turkey,17218,incidents,,count,Section 2. Liberty,c. Disappearance and Abduction,rules,"Violations were reported across 147 facilities in 50 provinces in which the majority – 17,218 incidents – involved torture and mistreatment such as beatings and strip searches."
2024,Turkey,turkey,15,percent,approximately,percentage,Section 2. Liberty,c. Disappearance and Abduction,rules,"According to statistics from the Ministry of Justice, as of September, 52,066 persons were held in pretrial detention, accounting for approximately 15 percent of the overall prison population."
2024,Turkey,turkey,52066,persons,,count,Section 2. Liberty,c. Disappearance and Abduction,rules,"According to statistics from the Ministry of Justice, as of September, 52,066 persons were held in pretrial detention, accounting for approximately 15 percent of the overall prison population."
2024,Turkmenistan,turkmenistan,3500,individuals,,count,Section 3. Security of the Person,c. Protection to Refugees,rules,"UNHCR estimated that, as of June, the country also hosted 3,500 individuals in refugee-like situations."
2024,Tuvalu,tuvalu,75,percent,approximately,percentage,Section 2. Liberty,b. Worker Rights,rules,"Approximately 75 percent of the working-age population worked in the informal and subsistence economy, mainly in subsistence agriculture."
2024,Tuvalu,tuvalu,1.8,percent,,percentage,Section 3. Security of the Person,b. Protection of Children,rules,"According to the 2019-2020 Multiple Indicator Cluster Survey, 1.8 percent of women ages 20-24 were married before age 18."
2024,Uganda,uganda,60,percent,,percentage,Section 2. Liberty,a. Freedom of the Press,rules,The report estimated 60 percent of journalists believed compulsory registration of SIM cards and national identification cards made their work less safe and had increased self-censorship.
2024,Uganda,uganda,88,percent,up to,percentage,Section 2. Liberty,b. Worker Rights,rules,"According to 2021 government statistics, the most recent available, the informal sector, excluding agriculture, employed up to 88 percent of the labor force, primarily in the service industry, trade, domestic work, construction, and transport."
2024,Uganda,uganda,48,percent,,percentage,Section 2. Liberty,c. Disappearance and Abduction,rules,"Police charged the party officials with “participating in unlawful assembly activities” and “public nuisance.” In a 2023 annual report, the Ministry of Justice reported 48 percent of prisoners were in pretrial detention."
2024,Uganda,uganda,15,persons,at least,count,Section 3. Security of the Person,"a. Torture and Cruel, Inhuman, or Degrading Treatment or Punishment",rules,NGOs reported police medical staff subjected at least 15 persons to forced anal examinations following their arrests.
2024,Ukraine,ukraine,96,percent,,percentage,Section 1. Life,"c. War Crimes, Crimes against Humanity, and Evidence of Acts that May Constitute Genocide, or Conflict-related",rules,"According to the OHCHR, the majority of civilian casualties (96 percent) were caused by the use of explosive weapons in populated areas such as artillery shells and rockets, bombs, missiles, loitering munitions, and other explosive munitions dropped by unmanned aerial vehicles."
2024,Ukraine,ukraine,86,percent,,percentage,Section 1. Life,"c. War Crimes, Crimes against Humanity, and Evidence of Acts that May Constitute Genocide, or Conflict-related",rules,"As of August, the World Health Organization (WHO) recorded 1,940 attacks affecting health care since the beginning of the Russia-Ukraine war in February 2022, 86 percent of which affected health-care facilities."
2024,Ukraine,ukraine,1940,attacks,,count,Section 1. Life,"c. War Crimes, Crimes against Humanity, and Evidence of Acts that May Constitute Genocide, or Conflict-related",rules,"As of August, the World Health Organization (WHO) recorded 1,940 attacks affecting health care since the beginning of the Russia-Ukraine war in February 2022, 86 percent of which affected health-care facilities."
2024,Ukraine,ukraine,42,persons,at least,count,Section 1. Life,"c. War Crimes, Crimes against Humanity, and Evidence of Acts that May Constitute Genocide, or Conflict-related",rules,The attacks killed at least 42 persons and injured at least 190.
2024,Ukraine,ukraine,19547,children,,count,Section 1. Life,"c. War Crimes, Crimes against Humanity, and Evidence of Acts that May Constitute Genocide, or Conflict-related",rules,"As of October, Children of War, a local NGO, reported that of the 19,547 children reportedly deported or forcibly displaced, only 388 had returned."
2024,Ukraine,ukraine,50,percent,,percentage,Section 2. Liberty,b. Worker Rights,rules,The requirement that a large percentage of the workforce (two-thirds of general workers’ meeting delegates or 50 percent of workers in an enterprise) had to vote in favor of a strike before it could be called further restricted the right to strike.
2024,Ukraine,ukraine,10,percent,up to,percentage,Section 2. Liberty,b. Worker Rights,rules,"It permitted all employers to hire up to 10 percent of their workforce on contracts with nonfixed work time, or “zero-hour” contracts, under which employees were required to be “on call” each day for work assigned but could be assigned as few as 32 hours per month."
2024,Ukraine,ukraine,55000,individuals,more than,count,Section 2. Liberty,c. Disappearance and Abduction,rules,"According to the Ministry of Internal Affairs, more than 55,000 individuals were missing as of September."
2024,Ukraine,ukraine,5000,individuals,approximately,count,Section 3. Security of the Person,c. Protection to Refugees,rules,"While prior to the start of the Russia-Ukraine war in February 2022 refugee and asylum seekers totaled approximately 5,000 individuals from more than 60 countries, many had left since that time."
2024,Ukraine,ukraine,1310,persons,,count,Section 3. Security of the Person,c. Protection to Refugees,rules,"As of July, international and domestic organizations estimated there were 1,310 persons with refugee status and 1,075 persons in need of complementary protection."
2024,Ukraine,ukraine,1075,persons,,count,Section 3. Security of the Person,c. Protection to Refugees,rules,"As of July, international and domestic organizations estimated there were 1,310 persons with refugee status and 1,075 persons in need of complementary protection."
2024,Ukraine,ukraine,55,individuals,,count,Section 3. Security of the Person,c. Protection to Refugees,rules,"In the first six months of the year, it was reported that only 55 individuals applied for asylum."
2024,Ukraine,ukraine,0.25,percent,approximately,percentage,Section 3. Security of the Person,d. Acts of Antisemitism and Antisemitic Incitement,rules,"According to census data and international Jewish groups, the Jewish population was approximately 105,000, constituting approximately 0.25 percent of the total population."
2024,Ukraine,ukraine,300000,persons,approximately,count,Section 3. Security of the Person,d. Acts of Antisemitism and Antisemitic Incitement,rules,"According to the Association of Jewish Organizations and Communities, there were approximately 300,000 persons of Jewish ancestry in the country, including President Zelenskyy."
2024,United Arab Emirates,united-arab-emirates,98,percent,,percentage,Section 2. Liberty,b. Worker Rights,rules,"The ministry reported in June that it amicably settled 98 percent of the complaints it received, up from 81 percent reported in June 2023, and attributed the increase to its authorization to adjudicate smaller claims."
2024,United Arab Emirates,united-arab-emirates,81,percent,,percentage,Section 2. Liberty,b. Worker Rights,rules,"The ministry reported in June that it amicably settled 98 percent of the complaints it received, up from 81 percent reported in June 2023, and attributed the increase to its authorization to adjudicate smaller claims."
2024,United Arab Emirates,united-arab-emirates,30,percent,,percentage,Section 2. Liberty,b. Worker Rights,rules,"Foreign workers could join local professional associations and constitute 30 percent of association governing boards, provided they had resided in the country for more than three years, although regulators could waive that requirement."
2024,United Arab Emirates,united-arab-emirates,100,workers,more than,count,Section 2. Liberty,b. Worker Rights,rules,All industrial establishments and construction companies employing more than 100 workers were legally required to hire at least one OSH officer.
2024,United Arab Emirates,united-arab-emirates,500,workers,,count,Section 2. Liberty,b. Worker Rights,rules,"In June, the Salama Training Center for Preventive Training and the Sharjah Prevention and Safety Authority conducted a Heat Stress Awareness Week event for 500 workers in sun-exposed jobs."
2024,United Arab Emirates,united-arab-emirates,137,killings,,count,Section 3. Security of the Person,e. Instances of Transnational Repression,rules,The BBC reported the government carried out 137 killings in Yemen between 2015 and 2018 of Yemeni individuals lacking links to terrorism.
2024,United Kingdom,united-kingdom,50,percent,at least,percentage,Section 2. Liberty,b. Worker Rights,rules,"A ballot was regarded as supportive if at least 50 percent of those who were entitled to vote did so, and if the majority of those votes were in favor of industrial action."
2024,United Kingdom,united-kingdom,40,percent,at least,percentage,Section 2. Liberty,b. Worker Rights,rules,"For workers in “important public services,” defined as health services, education for those younger than 17, fire services, transport services, nuclear decommissioning and the management of radioactive waste and spent fuel, and border security, a ballot was deemed supportive only if at least 40 percent of eligible voters voted in favor of industrial action."
2024,United Kingdom,united-kingdom,40,percent,at least,percentage,Section 2. Liberty,b. Worker Rights,rules,"Workers were entitled to have a trade union recognized where most of the workers concerned supported the union, as evidenced by a ballot showing a majority of workers voted, and at least 40 percent of those eligible to vote supported recognition."
2024,United Kingdom,united-kingdom,21,workers,more than,count,Section 2. Liberty,b. Worker Rights,rules,There was a statutory procedure for trade union recognition (and derecognition) applicable to companies with more than 21 workers.
2024,United Kingdom,united-kingdom,10,percent,approximately,percentage,Section 2. Liberty,b. Worker Rights,rules,Inspectors had the authority to make unannounced inspections and initiate sanctions The UK informal economy was estimated to be approximately 10 percent of the overall economy.
2024,United Kingdom,united-kingdom,292000,persons,approximately,count,Section 3. Security of the Person,d. Acts of Antisemitism and Antisemitic Incitement,rules,"The 2021 census recorded the UK Jewish population at approximately 292,000 persons."
2024,United Kingdom,united-kingdom,246,percent,,percentage,Section 3. Security of the Person,d. Acts of Antisemitism and Antisemitic Incitement,rules,"From January to June there were 121 reported incidents of assault, and cases of damage and desecration of Jewish property rose by 246 percent from 24 cases in 2023."
2024,United Kingdom,united-kingdom,24,cases,,count,Section 3. Security of the Person,d. Acts of Antisemitism and Antisemitic Incitement,rules,"From January to June there were 121 reported incidents of assault, and cases of damage and desecration of Jewish property rose by 246 percent from 24 cases in 2023."
2024,United Kingdom,united-kingdom,158,percent,,percentage,Section 3. Security of the Person,d. Acts of Antisemitism and Antisemitic Incitement,rules,"During the same period incidents of threats increased 158 percent to 142, and cases of antisemitism affecting persons and their property in education increased by 119 percent to 162 cases."
2024,United Kingdom,united-kingdom,119,percent,,percentage,Section 3. Security of the Person,d. Acts of Antisemitism and Antisemitic Incitement,rules,"During the same period incidents of threats increased 158 percent to 142, and cases of antisemitism affecting persons and their property in education increased by 119 percent to 162 cases."
2024,United Kingdom,united-kingdom,162,cases,,count,Section 3. Security of the Person,d. Acts of Antisemitism and Antisemitic Incitement,rules,"During the same period incidents of threats increased 158 percent to 142, and cases of antisemitism affecting persons and their property in education increased by 119 percent to 162 cases."
2024,United Kingdom,united-kingdom,3282,incidents,,count,Section 3. Security of the Person,d. Acts of Antisemitism and Antisemitic Incitement,rules,"Data published by the Home Office showed a doubling of antisemitic attacks (to 3,282 incidents) in the first three months of the year compared to the previous year."
2024,Uruguay,uruguay,22,percent,,percentage,Section 2. Liberty,b. Worker Rights,rules,"Minimum wage, hour, and OSH laws were not enforced in the informal sector, which accounted for 22 percent of the workforce."
2024,Uruguay,uruguay,26000,individuals,more than,count,Section 3. Security of the Person,c. Protection to Refugees,rules,"Resettlement In May, President Lacalle Pou signed a decree offering a path to regularize more than 26,000 individuals in the country with pending asylum claims, most of them Cubans, as well as a pilot plan to grant prima facie recognition of refugee status to approximately 3,500 Venezuelans with pending asylum claims."
2024,Uruguay,uruguay,30000,persons,,count,Section 3. Security of the Person,d. Acts of Antisemitism and Antisemitic Incitement,rules,"The Jewish Studies department of the Organization for Educational Resources and Technological Training University and the National Israel Council estimated the country’s Jewish population ranged from 12,000 to 30,000 persons."
2024,Uzbekistan,uzbekistan,10,persons,at least,count,Section 2. Liberty,a. Freedom of the Press,rules,The Supreme Court reported at least 10 persons were either fined or sent to prison for up to seven years for slandering the president on social media.
2024,Uzbekistan,uzbekistan,200,percent,,percentage,Section 2. Liberty,b. Worker Rights,rules,The law stated overtime compensation should not be less than 200 percent of the employee’s average monthly salary rate.
2024,Uzbekistan,uzbekistan,38.8,percent,,percentage,Section 2. Liberty,b. Worker Rights,rules,"As of July 1, the Employment Ministry and Labor Relations reported 5.5 million persons, or 38.8 percent of the workforce, were employed in the informal sector."
2024,Uzbekistan,uzbekistan,147,complaints,,count,Section 3. Security of the Person,"a. Torture and Cruel, Inhuman, or Degrading Treatment or Punishment",rules,"The government reported the Human Rights Ombudsperson’s Office received 147 complaints of torture, leading to the initiation of one criminal case by the Prosecutor General’s Office."
2024,Uzbekistan,uzbekistan,12,individuals,,count,Section 3. Security of the Person,b. Protection of Children,rules,The government reported it took administrative action against 12 individuals for marrying underage persons.
2024,Vanuatu,vanuatu,75,percent,,percentage,Section 2. Liberty,b. Worker Rights,rules,The law provided for a premium of 50 to 75 percent more than the normal rate of pay for overtime work.
2024,Vanuatu,vanuatu,67,percent,approximately,percentage,Section 2. Liberty,b. Worker Rights,rules,"According to the most recently available data from the International Labor Organization, in 2021, approximately 67 percent of the country’s workforce was in the informal sector."
2024,Venezuela,venezuela,361,deaths,,count,Section 1. Life,a. Extrajudicial Killings,rules,The NGO Monitor of the Use of Lethal Force (MUFLVEN) recorded 361 deaths involving security forces from January 1 to August 22.
2024,Venezuela,venezuela,40,percent,,percentage,Section 1. Life,a. Extrajudicial Killings,rules,"According to Provea, paramilitary groups were responsible for 40 percent of the killings, followed by the military with 28 percent, the Directorate of Strategic and Tactical Actions with 8 percent, and state police forces and unidentified perpetrators with 24 percent."
2024,Venezuela,venezuela,28,percent,,percentage,Section 1. Life,a. Extrajudicial Killings,rules,"According to Provea, paramilitary groups were responsible for 40 percent of the killings, followed by the military with 28 percent, the Directorate of Strategic and Tactical Actions with 8 percent, and state police forces and unidentified perpetrators with 24 percent."
2024,Venezuela,venezuela,8,percent,,percentage,Section 1. Life,a. Extrajudicial Killings,rules,"According to Provea, paramilitary groups were responsible for 40 percent of the killings, followed by the military with 28 percent, the Directorate of Strategic and Tactical Actions with 8 percent, and state police forces and unidentified perpetrators with 24 percent."
2024,Venezuela,venezuela,24,percent,,percentage,Section 1. Life,a. Extrajudicial Killings,rules,"According to Provea, paramilitary groups were responsible for 40 percent of the killings, followed by the military with 28 percent, the Directorate of Strategic and Tactical Actions with 8 percent, and state police forces and unidentified perpetrators with 24 percent."
2024,Venezuela,venezuela,25,deaths,at least,count,Section 1. Life,a. Extrajudicial Killings,rules,"In October, the UN Independent International Fact-Finding Mission on the Bolivarian Republic of Venezuela (FFM) stated that at least 25 deaths occurred during the first days of protests after the July 28 election, including two children, all but one of whom died of gunshot wounds."
2024,Venezuela,venezuela,12,cases,,count,Section 2. Liberty,a. Freedom of the Press,rules,"The Office of the UN High Commissioner for Human Rights (OHCHR) documented 12 cases of individuals, including human rights defenders and journalists, charged or prosecuted under the law from May 2023 to April."
2024,Venezuela,venezuela,98,cases,,count,Section 2. Liberty,a. Freedom of the Press,rules,"The NGO Espacio Público registered 98 cases of abuses of freedom of expression in the months preceding the July 28 presidential election, the most recorded since it began collecting data in 2009."
2024,Venezuela,venezuela,62,cases,,count,Section 2. Liberty,a. Freedom of the Press,rules,"Between July 29 and August 4, the NGO Instituto Prensa y Sociedad de Venezuela (Press and Society Institute of Venezuela, or IPYS) reported 79 violations of freedom of expression, including 62 cases related to coverage of the July 28 presidential election and subsequent prodemocracy demonstrations."
2024,Venezuela,venezuela,108,cases,approximately,count,Section 2. Liberty,a. Freedom of the Press,rules,"On August 15, the Inter-American Commission on Human Rights and its Office of the Special Rapporteur for Freedom of Expression reported that since July 28, approximately 108 cases of abuses of freedom of expression were recorded."
2024,Venezuela,venezuela,20,workers,,count,Section 2. Liberty,b. Worker Rights,rules,"Forming a company union required a minimum of 20 workers; forming a professional, industrial, or sectoral union in one jurisdiction required 40 workers in the same field; and forming a regional or national union required 150 workers."
2024,Venezuela,venezuela,40,workers,,count,Section 2. Liberty,b. Worker Rights,rules,"Forming a company union required a minimum of 20 workers; forming a professional, industrial, or sectoral union in one jurisdiction required 40 workers in the same field; and forming a regional or national union required 150 workers."
2024,Venezuela,venezuela,150,workers,,count,Section 2. Liberty,b. Worker Rights,rules,"Forming a company union required a minimum of 20 workers; forming a professional, industrial, or sectoral union in one jurisdiction required 40 workers in the same field; and forming a regional or national union required 150 workers."
2024,Venezuela,venezuela,10,persons,,count,Section 2. Liberty,b. Worker Rights,rules,"To form an employee association, a parallel type of representation endorsed and openly supported by Maduro representatives required only 10 persons."
2024,Venezuela,venezuela,47,percent,an estimated,percentage,Section 2. Liberty,b. Worker Rights,rules,"An estimated 47 percent of the population worked in the informal sector, according to a 2022 report from the Andres Bello Catholic University."
2024,Venezuela,venezuela,1808,persons,at least,count,Section 2. Liberty,c. Disappearance and Abduction,rules,"Between July 28 and September 15, domestic civil society organizations registered at least 1,808 persons detained in relation to postelection protests."
2024,Venezuela,venezuela,50,cases,at least,count,Section 2. Liberty,c. Disappearance and Abduction,rules,"Between July 29 and August 1, Provea documented at least 50 cases characterized as enforced disappearances, with most victims being detained by SEBIN, the DGCIM, the Directorate of Strategic and Tactical Actions, and PNB agents or armed colectivos."
2024,Venezuela,venezuela,10,detainees,,count,Section 2. Liberty,c. Disappearance and Abduction,rules,The OHCHR identified 10 detainees who remained in detention after completing their sentences and with no order for their release being issued.
2024,Venezuela,venezuela,10,individuals,,count,Section 3. Security of the Person,"a. Torture and Cruel, Inhuman, or Degrading Treatment or Punishment",rules,"In June, the OHCHR reported 10 individuals detained by SEBIN and DGCIM agents were tortured or mistreated."
2024,Venezuela,venezuela,16,incidents,,count,Section 3. Security of the Person,"a. Torture and Cruel, Inhuman, or Degrading Treatment or Punishment",rules,"The institute stated it documented 16 incidents of torture between January 2023 and April involving at least 35 victims that were reportedly committed by the DGCIM, SEBIN, PNB, and the National Guard."
2024,Venezuela,venezuela,35,victims,at least,count,Section 3. Security of the Person,"a. Torture and Cruel, Inhuman, or Degrading Treatment or Punishment",rules,"The institute stated it documented 16 incidents of torture between January 2023 and April involving at least 35 victims that were reportedly committed by the DGCIM, SEBIN, PNB, and the National Guard."
2024,Venezuela,venezuela,50,individuals,more than,count,Section 3. Security of the Person,"a. Torture and Cruel, Inhuman, or Degrading Treatment or Punishment",rules,"In January, Foro Penal reported more than 50 individuals detained on politically motivated grounds needed medical attention."
2024,Vietnam,vietnam,50,percent,at least,percentage,Section 2. Liberty,b. Worker Rights,rules,The law stated the executive committee of a trade union could issue a decision to strike only when at least 50 percent of workers supported it.
2024,Vietnam,vietnam,76,percent,,percentage,Section 2. Liberty,b. Worker Rights,rules,"The Better Work report stated that, while a majority of factories in the program complied with the daily limit of four hours of overtime, 76 percent failed to enforce monthly limits (40 hours)."
2024,Vietnam,vietnam,69,percent,,percentage,Section 2. Liberty,b. Worker Rights,rules,The General Statistics Office of Vietnam estimated 69 percent of the country’s workforce worked in the informal economy.
2024,Vietnam,vietnam,20,percent,approximately,percentage,Section 3. Security of the Person,b. Protection of Children,rules,"Authorities estimated more than one million children between the ages of 15 and 17 worked; approximately 20 percent of them worked more than 40 hours per week, and nearly 50 percent of them worked in a hazardous environment."
2024,Vietnam,vietnam,50,percent,nearly,percentage,Section 3. Security of the Person,b. Protection of Children,rules,"Authorities estimated more than one million children between the ages of 15 and 17 worked; approximately 20 percent of them worked more than 40 hours per week, and nearly 50 percent of them worked in a hazardous environment."
2024,Vietnam,vietnam,49,percent,nearly,percentage,Section 3. Security of the Person,b. Protection of Children,rules,"Some children started work as young as age five, and nearly 49 percent of child workers did not attend school."
2024,Vietnam,vietnam,22,percent,nearly,percentage,Section 3. Security of the Person,b. Protection of Children,rules,"According to the most recent national survey conducted in 2019, early marriage among ethnic minorities was nearly 22 percent."
2024,Vietnam,vietnam,51,percent,,percentage,Section 3. Security of the Person,b. Protection of Children,rules,"The rate in certain ethnic minority communities was particularly high: H’mong, 51 percent; Clao, 48 percent; Mang, 47 percent; Xinh Mun, 45 percent; and Ma, 39 percent."
2024,Vietnam,vietnam,48,percent,,percentage,Section 3. Security of the Person,b. Protection of Children,rules,"The rate in certain ethnic minority communities was particularly high: H’mong, 51 percent; Clao, 48 percent; Mang, 47 percent; Xinh Mun, 45 percent; and Ma, 39 percent."
2024,Vietnam,vietnam,47,percent,,percentage,Section 3. Security of the Person,b. Protection of Children,rules,"The rate in certain ethnic minority communities was particularly high: H’mong, 51 percent; Clao, 48 percent; Mang, 47 percent; Xinh Mun, 45 percent; and Ma, 39 percent."
2024,Vietnam,vietnam,45,percent,,percentage,Section 3. Security of the Person,b. Protection of Children,rules,"The rate in certain ethnic minority communities was particularly high: H’mong, 51 percent; Clao, 48 percent; Mang, 47 percent; Xinh Mun, 45 percent; and Ma, 39 percent."
2024,Vietnam,vietnam,39,percent,,percentage,Section 3. Security of the Person,b. Protection of Children,rules,"The rate in certain ethnic minority communities was particularly high: H’mong, 51 percent; Clao, 48 percent; Mang, 47 percent; Xinh Mun, 45 percent; and Ma, 39 percent."
2024,Yemen,yemen,74,cases,,count,Section 1. Life,a. Extrajudicial Killings,rules,"From August 2023 through July 31, the National Commission for the Investigation of Alleged Violations of Human Rights (NCIAVHR) investigated 74 cases of alleged extrajudicial killings across the country."
2024,Yemen,yemen,60,percent,at least,percentage,Section 2. Liberty,b. Worker Rights,rules,"Strikes could not be carried out for “political purposes.” The proposal to strike had to be put to at least 60 percent of all workers concerned, of whom 25 percent had to vote in favor of the strike."
2024,Yemen,yemen,25,percent,,percentage,Section 2. Liberty,b. Worker Rights,rules,"Strikes could not be carried out for “political purposes.” The proposal to strike had to be put to at least 60 percent of all workers concerned, of whom 25 percent had to vote in favor of the strike."
2024,Yemen,yemen,78,percent,,percentage,Section 2. Liberty,b. Worker Rights,rules,The Organization for Economic Cooperation and Development estimated in March 2021 (the most recent information available) that informal employment represented 78 percent of total employment.
2024,Yemen,yemen,159,cases,at least,count,Section 2. Liberty,c. Disappearance and Abduction,rules,The NCIAVHR’s September report stated forces and security agencies affiliated with the government were responsible for at least 159 cases of arbitrary detention and enforced disappearances.
2024,Yemen,yemen,833,cases,,count,Section 2. Liberty,c. Disappearance and Abduction,rules,"In its September report, the AMA detailed 833 cases of arbitrary detention in 2023, of which government-affiliated forces were reportedly responsible for 28 cases, STC-affiliated forces for 51, and the Houthis for 754."
2024,Yemen,yemen,28,cases,,count,Section 2. Liberty,c. Disappearance and Abduction,rules,"In its September report, the AMA detailed 833 cases of arbitrary detention in 2023, of which government-affiliated forces were reportedly responsible for 28 cases, STC-affiliated forces for 51, and the Houthis for 754."
2024,Yemen,yemen,3298,cases,,count,Section 3. Security of the Person,b. Protection of Children,rules,"According to the October POE report, the government confirmed 3,298 cases of child indoctrination by the Houthis in the first half of the year."
2024,Yemen,yemen,15000,children,,count,Section 3. Security of the Person,b. Protection of Children,rules,"The government informed the POE that in April, Houthi operatives sped up the establishment of these camps, with at least 696 open by June with 15,000 children enrolled."
2024,Yemen,yemen,30,percent,,percentage,Section 3. Security of the Person,b. Protection of Children,rules,"According to the international civil society network Girls Not Brides, 30 percent of girls in the country married before age 18, and 7 percent, or 1.3 million, were married before age 15."
2024,Yemen,yemen,7,percent,,percentage,Section 3. Security of the Person,b. Protection of Children,rules,"According to the international civil society network Girls Not Brides, 30 percent of girls in the country married before age 18, and 7 percent, or 1.3 million, were married before age 15."
2024,Yemen,yemen,3285,migrants,approximately,count,Section 3. Security of the Person,c. Protection to Refugees,rules,"Instead, the International Organization for Migration reported it assisted approximately 3,285 migrants and refugees in the first three quarters of the year, mostly Ethiopians, to voluntarily return to their home country."
2024,Zambia,zambia,70,percent,,percentage,Section 2. Liberty,b. Worker Rights,rules,"According to the government, most informal sector workers, who accounted for 70 percent of the total workforce of three million persons, worked in agriculture, forestry, mining, wholesale and retail trade, and motor vehicle repair."
2024,Zambia,zambia,165,individuals,,count,Section 3. Security of the Person,c. Protection to Refugees,rules,"During the year, UNHCR submitted 165 individuals to Canada, Sweden, and the United States for resettlement consideration, and 768 individuals departed for resettlement in Australia, Canada, Finland, France, New Zealand, and the United States."
2024,Zambia,zambia,768,individuals,,count,Section 3. Security of the Person,c. Protection to Refugees,rules,"During the year, UNHCR submitted 165 individuals to Canada, Sweden, and the United States for resettlement consideration, and 768 individuals departed for resettlement in Australia, Canada, Finland, France, New Zealand, and the United States."
2024,Zambia,zambia,100,persons,fewer than,count,Section 3. Security of the Person,d. Acts of Antisemitism and Antisemitic Incitement,rules,"There were fewer than 100 persons in the Jewish community, and there were no known reports of antisemitic incidents."
2024,Zimbabwe,zimbabwe,50,percent,,percentage,Section 2. Liberty,b. Worker Rights,rules,"At the enterprise level, workers’ councils could negotiate collective agreements, which became binding if approved by 50 percent of the workers in the bargaining unit."
2024,Zimbabwe,zimbabwe,50,percent,at least,percentage,Section 2. Liberty,b. Worker Rights,rules,Unions representing at least 50 percent of the workers could bargain with the authorization of the minister of public service and labor.
2024,Zimbabwe,zimbabwe,50,percent,,percentage,Section 2. Liberty,b. Worker Rights,rules,The law encouraged the creation of employee-controlled workers’ committees in enterprises where less than 50 percent of workers were unionized.
2024,Zimbabwe,zimbabwe,64,percent,,percentage,Section 2. Liberty,b. Worker Rights,rules,"Low confidence in the country’s newest currency – the Zimbabwe gold, launched in April but depreciated by 64 percent on the parallel market as of the end of the year – led workers to continue to advocate for wages in U.S. dollars."
2024,Zimbabwe,zimbabwe,320,percent,,percentage,Section 2. Liberty,b. Worker Rights,rules,"The Ministry of Labor reported 8,028 labor inspections conducted in 2022, claiming a 320 percent increase from 2021."
2024,Zimbabwe,zimbabwe,88,percent,nearly,percentage,Section 2. Liberty,b. Worker Rights,rules,Nearly 88 percent of the country’s workers labored in the informal sector according to a July 2023 report by the Zimbabwe Statistics Agency.
2024,Zimbabwe,zimbabwe,500000,persons,approximately,count,Section 2. Liberty,b. Worker Rights,rules,"According to the Zimbabwe Miners Federation, approximately 500,000 persons worked in the small-scale or artisanal mining sector, but only 40,000 were registered with the Ministry of Mines and Mining Development, according to the Zimbabwe Economic Policy Analysis and Research Unit, an independent think tank."
2024,Zimbabwe,zimbabwe,34,percent,,percentage,Section 3. Security of the Person,b. Protection of Children,rules,"Child marriages were common, with 34 percent of girls married before reaching age 18, according to the nonprofit organization Girls Not Brides."
2024,Zimbabwe,zimbabwe,16182,refugees,,count,Section 3. Security of the Person,c. Protection to Refugees,rules,"As of May, Tongogara Refugee Settlement hosted 16,182 refugees and asylum seekers, despite being designed to host only 3,000."
